TITLE,ARTIST,ID,danceability,energy,loudness,speechiness,acousticness,instrumentalness,liveness,valence,tempo
(Sittin' On) The Dock Of The Bay,Otis Redding,3zBhihYUHBmGd2bcQIobrF,0.769,0.367,-11.226,0.0312,0.684,1.62e-05,0.081,0.535,103.621
(Something Inside) So Strong,Labi Siffre,2z8PSS00q39tUuVjYfTO67,0.682,0.375,-10.308,0.0347,0.418,5.75e-06,0.0984,0.226,82.187
1234,Feist,2CzWeyC9zlDpIOZPUUKrBW,0.71,0.484,-7.415,0.049,0.217,3.93e-06,0.0879,0.576,109.951
1812 Overture,Pyotr Ilyich Tchaikovsky,4t8S0cAnJQhrcLJ8TbUH7G,0.256,0.697,-12.898,0.0584,0.33,0.931,0.0876,0.124,102.631
1901,Phoenix,3FM33HqRlV7J1QJoPOnd2u,0.591,0.831,-5.647,0.0415,0.0605,4.67e-05,0.19,0.705,144.084
22,Taylor Swift,3bIxTsfeNMO7Nt2J3EUKrA,0.658,0.729,-6.561,0.0378,0.00215,0.0013,0.0752,0.668,104.007
24K Magic,Bruno Mars,6b8Be6ljOzmkOmFslEb23P,0.818,0.803,-4.282,0.0797,0.034,0.0,0.153,0.632,106.97
7 Rings,Ariana Grande,6ocbgoVGwYJhOv1GgI9NsF,0.778,0.317,-10.732,0.334,0.592,0.0,0.0881,0.327,140.048
88 Lines About 44 Women,The Nails,6YSF0u64K0xreRh1uOJuPw,0.799,0.716,-9.224,0.0579,0.0414,0.0295,0.0872,0.975,148.692
A Little Love,Celeste,7eTonpb9lXgerPaW6I1VnP,0.333,0.281,-8.262,0.0274,0.893,0.0,0.0995,0.265,145.621
A Nice Cup Of Tea,Binnie Hale,5n4mnUBPGPH6N81g9pI6NH,0.669,0.157,-21.232,0.329,0.983,1.04e-05,0.0571,0.658,139.224
A Sign Of The Times,Petula Clark,6EdGkH1mk7dKIgc3CKgo7F,0.532,0.708,-9.162,0.0339,0.551,0.0,0.318,0.887,138.49
AKA...What A Life!,Noel Gallagher's High Flying Birds,5mljJfOTZR3nF4ExmRLTjv,0.447,0.927,-3.3,0.0508,0.000297,0.362,0.0972,0.104,119.034
Adiemus,Karl Jenkins,54CAG8n70kKVbFV6l1zF4G,0.295,0.408,-16.632,0.0693,0.804,0.148,0.165,0.164,150.454
Africa,Toto,2374M0fQpWi3dLnB54qaLX,0.671,0.373,-18.064,0.0323,0.257,8.01e-05,0.0481,0.732,92.718
After Light,Rustie,5yrHZWuyrOrc4iWnDevono,0.331,0.695,-7.1,0.0394,0.00482,0.844,0.0726,0.115,95.908
After Midnight,Eric Clapton,27mdmXNcO0gNpXlrWi9DPZ,0.617,0.664,-11.701,0.0345,0.0985,0.0,0.203,0.931,127.021
Ain't Nothing Like The Real Thing,Marvin Gaye & Tammi Terrell,3UbNeYyyTnDhYU37Q3w2Jy,0.611,0.689,-7.701,0.0379,0.145,0.00224,0.39,0.81,93.565
Ain't That A Shame,Fats Domino,4ZfQwNx3FlCN07cnUvekh3,0.486,0.501,-8.57,0.0326,0.767,7.6e-05,0.0679,0.942,122.894
Air on a G String,Johann Sebastian Bach,4cJQmBaioAZrtsAtulYZ6f,0.112,0.0731,-26.369,0.0414,0.984,0.876,0.107,0.142,90.902
Ali in the Jungle,The Hours,3kr2i1P9eQZitASv83V8zh,0.692,0.932,-4.305,0.045,0.226,2.07e-06,0.0953,0.844,141.033
Alison,Elvis Costello,1v98rfd0an913AzHvMNG8a,0.557,0.32,-10.792,0.0438,0.739,3.99e-05,0.112,0.377,176.647
All Around The World,Oasis,6ZYgoD3c2aE4dD3yVFWV51,0.33,0.814,-3.138,0.0506,0.155,0.000291,0.701,0.297,82.131
All By Myself,Eric Carmen,0AQqrtK1pULuwZUXhwaaDz,0.376,0.373,-9.184,0.0305,0.827,0.832,0.15,0.111,116.074
All Goes Wrong,Chase & Status,4pfu1lEKJhRGTQf64cQPXd,0.454,0.782,-3.539,0.0498,0.0342,0.0,0.173,0.286,174.851
All Right Now,Free,1gcESexgftSuLuML57Y69q,0.787,0.472,-12.824,0.0832,0.221,0.000336,0.153,0.824,120.059
All Star,Smash Mouth,3cfOd4CMv2snFaKAnMdnvK,0.731,0.867,-5.881,0.032,0.0395,0.0,0.0861,0.776,104.019
All Together Now,The Beatles,2ck8lFrYAch2GPtdhpTHe3,0.587,0.431,-9.495,0.0686,0.0722,0.0,0.561,0.778,95.937
All You Need Is Love,The Beatles,68BTFws92cRztMS1oQ7Ewj,0.4,0.48,-7.768,0.0295,0.346,3.1e-05,0.155,0.653,103.436
All of the Lights,Kanye West,22L7bfCiAkJo5xGSQgmiIO,0.531,0.803,-3.284,0.0717,0.0796,1.71e-05,0.176,0.221,142.113
Always On My Mind,Willie Nelson,2xYQTU2bbg6WVAmpY1eae4,0.524,0.261,-13.868,0.0272,0.755,0.00105,0.144,0.201,73.36
Am I Wrong,Anderson .Paak,1UjyF6okUHhnVxaLV8ojsA,0.729,0.799,-7.378,0.0779,0.0588,0.00218,0.0948,0.532,115.04
American Woman,The Guess Who,3LQPTJEqOfljGBxmpgUnoC,0.55,0.726,-8.51,0.0516,0.146,0.00608,0.428,0.37,92.697
Angel,Sarah McLachlan,3xZMPZQYETEn4hjor3TR1A,0.532,0.0744,-16.092,0.0355,0.949,1.22e-05,0.106,0.125,117.131
Animals,Maroon 5,2bL2gyO6kBdLkNSkxXNh6x,0.279,0.742,-6.46,0.0898,0.000185,0.0,0.593,0.328,189.868
"Another Girl, Another Planet",The Only Ones,5TmQl8urbTlfZb8xKisSl0,0.325,0.838,-6.501,0.144,0.0327,0.00042,0.126,0.449,156.507
Another One Bites The Dust,Queen,57JVGBtBLCfHw2muk5416J,0.933,0.528,-6.472,0.162,0.112,0.329,0.163,0.756,109.975
Anticipation,Carly Simon,0rLRrCTqWVMgv1DpMBSezw,0.61,0.297,-14.956,0.0304,0.838,9.16e-06,0.107,0.543,99.963
Any Way You Want It,Journey,71SvEDmsOwIWw1IozsZoMA,0.529,0.932,-7.501,0.0488,0.00251,0.00109,0.136,0.571,138.158
Anything Could Happen,Ellie Goulding,7C7yqFTM0ncyJ04GIKrxdV,0.702,0.781,-4.081,0.03,0.433,0.0,0.135,0.382,102.997
Applause,Lady Gaga,5ka2ajep9OAvU5Sgduhiex,0.669,0.78,-4.287,0.053,0.0265,1.63e-06,0.143,0.738,139.945
Are You Gonna Be My Girl,Jet,305WCRhhS10XUcH6AEwZk6,0.613,0.953,-3.435,0.0855,0.00148,0.000582,0.152,0.537,105.046
Are You Ready?,United Nations of Sound,6H4Y6O0KaHjUihdZIeYo1E,0.236,0.81,-4.519,0.0481,0.00668,0.0,0.41,0.374,177.731
Aria,Yanni,4dGKKxPAhlFWMVoSPue3je,0.454,0.73,-13.313,0.0467,0.0392,0.00158,0.178,0.196,113.94
Around The Bend,The Asteroids Galaxy Tour,4tdGyzQ3WqygwxOEpbQ8eo,0.704,0.907,-6.408,0.0373,0.11,0.00982,0.334,0.712,95.023
At The River,Groove Armada,0KIPa0YuQ5QFmlAqRyXNd9,0.697,0.514,-8.626,0.0286,0.0301,0.535,0.212,0.449,136.071
Awake,Godsmack,6xXlurslWqFuyqTCBlErzX,0.395,0.756,-4.12,0.0544,1.74e-05,0.00665,0.319,0.475,112.092
Baba O'Riley,The Who,3qiyyUfYe7CRYLucrPmulD,0.489,0.724,-8.367,0.0352,0.313,0.185,0.287,0.15,117.292
Baby Come Back,Player,2eRYuzlSOBk3HlMsCSOLPJ,0.645,0.604,-9.904,0.118,0.0713,0.0,0.129,0.545,156.436
Back To Life (However Do You Want Me),Soul II Soul,7ELuWpsuVCRBnOR9ZAZKDp,0.819,0.611,-7.428,0.129,0.0673,7.7e-05,0.0477,0.653,101.001
Bad Case of Loving You,Robert Palmer,75zVpdjXwmy6SLr2hDnJYo,0.677,0.748,-12.328,0.038,0.00701,3.99e-05,0.093,0.746,146.03
Bang The Drum All Day,Todd Rundgren,54EvqHberbpzMu7nu8hs9S,0.639,0.752,-12.454,0.0451,0.541,0.0,0.0453,0.966,143.086
Bang!,AJR,0m7TguDgLue2LCaDF7B4qx,0.74,0.517,-6.233,0.0506,0.0183,0.0,0.0558,0.698,139.917
Be My Baby,The Ronettes,2G2YzndIA6jeWFPBXhUjh5,0.511,0.769,-7.032,0.042,0.181,0.0,0.0921,0.818,129.657
Beautiful Day,Joshua Radin,1aMvViuAn7i8gRapm8C0p8,0.689,0.429,-9.301,0.0275,0.233,0.004,0.0859,0.595,95.014
Beautiful World,Devo,4oxqiNsFxFEJzUf8P5nJmc,0.644,0.451,-12.758,0.0273,0.255,0.000278,0.11,0.443,149.381
Believer,Imagine Dragons,0pqnGHJpmpxLKifKRmU6WP,0.776,0.78,-4.374,0.128,0.0622,0.0,0.081,0.666,124.949
Best Day of My Life,American Authors,5Hroj5K7vLpIG4FNCRIjbP,0.673,0.902,-2.392,0.0346,0.0591,0.000262,0.0558,0.538,100.012
Best Friend,Sofi Tukker,1zEhH5BmSpKi1mRSIfBDOq,0.699,0.7,-5.704,0.0392,0.0109,0.0794,0.152,0.3,102.023
Better,Guns N' Roses,3nW5v0Htr1ySk8czTJIA2V,0.563,0.784,-9.234,0.042,0.1,0.00219,0.895,0.387,98.011
Better Now,Collective Soul,0xqcypl9a1proZeZLmMJMN,0.673,0.809,-5.28,0.0362,0.0107,0.000825,0.0212,0.964,123.018
Beyond The Sea,Bobby Darin,3KzgdYUlqV6TOG7JCmx2Wg,0.521,0.516,-7.456,0.0369,0.723,0.0,0.257,0.569,136.483
Billie Jean,Michael Jackson,5ChkMS8OtdzJeqyybCc9R5,0.92,0.654,-3.051,0.0401,0.0236,0.0158,0.0359,0.847,117.046
Bitter Sweet Symphony,The Verve,57iDDD9N9tTWe75x6qhStw,0.356,0.917,-6.006,0.0479,0.0335,0.0,0.406,0.518,171.176
Black Dog,Led Zeppelin,3qT4bUD1MaWpGrTwcvguhb,0.437,0.864,-7.842,0.0904,0.396,0.0314,0.242,0.749,81.394
Black Sheep,Gin Wigmore,7cGr5XY2pfj9b4UngCktG0,0.723,0.656,-3.828,0.0385,0.028,0.000708,0.709,0.414,119.019
Blame It On The Bossa Nova,Eydie Gormé,1vOsIiq80fcYONCUEBbzHu,0.658,0.394,-15.838,0.0422,0.529,0.0,0.197,0.968,79.707
Blinding Lights,The Weeknd,0VjIjW4GlUZAMYd2vXMi3b,0.514,0.73,-5.934,0.0598,0.00146,9.54e-05,0.0897,0.334,171.005
Blister In The Sun,Violent Femmes,2ugghimAssmeO3YpFIV7mb,0.726,0.537,-8.896,0.113,0.316,0.0,0.0707,0.887,96.91
Blow Your Mind (Mwah),Dua Lipa,7kJlTKjNZVT26iwiDUVhRm,0.654,0.796,-4.761,0.122,0.0188,0.0,0.0948,0.491,108.854
Blowin' In The Wind,Bob Dylan,18GiV1BaXzPVYpp9rmOg0E,0.38,0.0993,-20.567,0.0509,0.914,2.32e-05,0.0605,0.44,174.874
Blue Monday,New Order,6hHc7Pks7wtBIW8Z6A0iFq,0.762,0.651,-13.34,0.0655,0.00198,0.856,0.111,0.941,130.395
Blurred Lines,Robin Thicke,0n4bITAu0Y0nigrz3MFJMb,0.853,0.599,-4.756,0.0411,0.00334,7.93e-06,0.0759,0.843,119.993
Bohemian Like You,The Dandy Warhols,0yEhNqCwEfy8LHUmnZoHpP,0.584,0.931,-6.158,0.0344,0.00315,0.772,0.133,0.694,131.275
Bom Bom,Antonio Sorgentone,0S4MhVxpmXTpbd3vnj881g,0.648,0.828,-9.194,0.0894,0.102,0.0349,0.158,0.331,105.907
Bom Bom,Sam and the Womp,0d5f6gzzW1Pgx9uJsLrSDP,0.755,0.925,-3.977,0.257,0.0213,3.32e-05,0.101,0.804,125.06
Boom Boom,John Lee Hooker,2Mr1bGI2E10K7Mt1UJZ6Mw,0.441,0.455,-14.207,0.0485,0.62,0.00187,0.135,0.918,160.9
Boombastic,Shaggy,4fxF8ljwryMZX5c9EKrLFE,0.867,0.538,-16.183,0.361,0.242,1.75e-05,0.316,0.781,158.328
Born to be Alive,Patrick Hernandez,3XIEWK1V9n25PS9Vb6axj5,0.704,0.867,-5.808,0.0315,0.0846,0.0,0.206,0.809,131.467
Bottle It Up,Sara Bareilles,3kfHdr2sYF2EeWEmBHquVj,0.621,0.717,-4.161,0.0326,0.199,0.0,0.153,0.699,132.815
Bounce Back,Big Sean,0SGkqnVQo9KPytSri1H6cF,0.78,0.575,-5.628,0.139,0.106,0.0,0.129,0.273,81.502
Brave,Sara Bareilles,6Uy6K3KdmUdAfelUp0SeXn,0.551,0.836,-3.838,0.0524,0.00502,2.1e-05,0.0425,0.758,185.063
Break My Stride,Matthew Wilder,1mCsF9Tw4AkIZOjvZbZZdT,0.917,0.588,-11.047,0.0607,0.195,0.0,0.0914,0.828,110.077
Breaking the Law,Judas Priest,2RaA6kIcvomt77qlIgGhCT,0.362,0.961,-5.664,0.0857,0.024,9.35e-06,0.159,0.491,164.019
Bruises,Chairlift,4mdyVTV7Tr5YDFnD2kvSM4,0.579,0.554,-7.08,0.0587,0.0175,0.0221,0.101,0.838,185.183
Bust A Move,Young MC,3IeCYkdKI55mNMl2o4vX0k,0.946,0.772,-7.537,0.121,0.0512,2.26e-06,0.0612,0.743,116.972
Bye Bye Bye,*NSYNC,62bOmKYxYg7dhrC6gH9vFn,0.61,0.926,-4.843,0.0479,0.031,0.0012,0.0821,0.861,172.638
C'Mon Everybody,Eddie Cochran,7ItZM6DMZE2m1X7yIaRxjq,0.627,0.7,-9.657,0.0522,0.121,0.0111,0.188,0.856,175.33
California King Bed,Rihanna,1NpDnkQO0yWxTtntrC0UNz,0.452,0.571,-3.992,0.0359,0.25,0.0,0.114,0.327,169.899
California Sun,The Rivieras,6qpTh8eRZ4wPycoRZvbWnd,0.411,0.874,-8.72,0.0427,0.4,0.0887,0.113,0.965,169.464
Can You Dig It?,The Mock Turtles,1qrVwgQAatH3xRFtw4XZ8j,0.503,0.922,-3.716,0.032,0.00253,0.134,0.622,0.831,107.503
Can't Get Enough of You Baby,Smash Mouth,0UVIXwqfTjefBbDyY60MWB,0.666,0.895,-4.667,0.0293,0.0147,0.0,0.439,0.83,123.716
Can't Help Falling In Love,Elvis Presley,44AyOl4qVkzS48vBsbNXaC,0.396,0.293,-14.062,0.0275,0.941,0.000196,0.105,0.343,100.307
Can't Hold Us,Macklemore & Ryan Lewis,3bidbhpOYeV4knp8AIu8Xn,0.641,0.922,-4.457,0.0786,0.0291,0.0,0.0862,0.847,146.078
Can't Stop Loving You,Phil Collins,2W6PNGCN4PGwPMf1jYazL4,0.604,0.778,-5.686,0.0259,0.00726,1.33e-05,0.114,0.419,100.155
Cannonball,The Breeders,1KdwPeY1WRWQGHCmRJTveb,0.502,0.758,-9.76,0.0407,0.00915,0.783,0.284,0.729,112.499
Carried Away,Passion Pit,52a6VcF23v5HB7KfDEmBHq,0.772,0.826,-5.135,0.0344,0.0176,8.56e-06,0.383,0.871,119.995
Cars,Gary Numan,4QQEzkxcONBthDLfzqIh9S,0.545,0.578,-8.745,0.0406,0.0114,6.57e-05,0.0692,0.819,128.038
Cat's In The Cradle,Harry Chapin,2obblQ6tcePeOEVJV6nEGD,0.489,0.577,-9.765,0.042,0.233,0.0,0.123,0.519,78.112
Catch The Wind,Donovan,6aXKbU2QGsOms8UT3eUOg1,0.385,0.306,-12.167,0.0297,0.452,7.43e-06,0.128,0.546,173.377
Catch Us If You Can,The Dave Clark Five,7d91GO9HafgZuRUA2NjLTj,0.473,0.602,-9.561,0.0669,0.149,5.4e-05,0.213,0.897,146.514
Centuries,Fall Out Boy,04aAxqtGp5pv12UXAg4pkq,0.393,0.858,-2.868,0.0729,0.00359,0.0,0.102,0.56,176.042
Cha Cha Slide,DJ Casper,3Xv5C02Wxlek0dmrYAM5A8,0.978,0.695,-5.746,0.213,0.00126,5.01e-05,0.284,0.496,122.027
Chandelier,Sia,2s1sdSqGcKxpPr5lCl7jAV,0.399,0.787,-2.88,0.0499,0.0197,6.07e-05,0.0685,0.572,117.089
Citizen/Soldier,3 Doors Down,7fKsaiVDwKe6VVsiGk48YG,0.631,0.821,-5.503,0.0343,0.0111,0.0156,0.197,0.486,97.003
Civilization,Justice,3cn4e9MRXiUmDqTioimYBp,0.575,0.625,-5.296,0.0345,0.00145,0.0,0.0817,0.282,111.984
Coffee Song,Osibisa,6dc2uxZoxKpCt5DJOftQ7Y,0.734,0.862,-6.976,0.0326,0.152,0.00635,0.0487,0.971,118.653
Colour My World,Petula Clark,1z3IIdFTZBDue4IKuTcGBs,0.446,0.792,-7.449,0.0513,0.71,0.0,0.113,0.741,165.018
Come And Get It,John Newman,161nSMdnYYUTEOhipcA7JF,0.649,0.718,-4.861,0.0423,0.00273,8.94e-05,0.115,0.801,109.003
Come Back To Me,HollySiz,0HFoJSIbneK6QWLnPJjML2,0.664,0.664,-7.228,0.0703,0.351,0.0126,0.11,0.738,129.933
Come From The Heart,Kathy Mattea,0RN6oIGaWPokIn7T8s4KcP,0.558,0.463,-14.59,0.0524,0.694,3.82e-05,0.259,0.791,176.685
Come On Get It,Lenny Kravitz,34fFaNqCx05Q0znMhBgFIi,0.495,0.91,-4.889,0.0466,0.0034,0.00696,0.0236,0.742,189.803
Come Out and Play,Billie Eilish,7wC5eZcFS1Q1BsQ35DU6H4,0.64,0.321,-14.604,0.0931,0.693,0.0307,0.114,0.177,145.045
Come Together,The Beatles,2EqlS6tkEnglzr7tkKAAYD,0.533,0.376,-11.913,0.0393,0.0302,0.248,0.0926,0.187,165.007
Coming Home,Diddy Dirty Money,6Iocm6VMu6bVNYwiDoyQFW,0.392,0.839,-1.921,0.193,0.158,0.0,0.3,0.232,168.001
Coming Home,Leon Bridges,65GbQI9VDTs7vo6MJL2iJA,0.427,0.465,-6.595,0.0291,0.461,5.52e-05,0.154,0.458,112.137
Connection,OneRepublic,3T4UodGkfZObJ43RtA5KFU,0.611,0.602,-4.89,0.0437,0.000837,0.0,0.112,0.624,168.154
Count On Me,Bruno Mars,7l1qvxWjxcKpB9PCtBuTbU,0.577,0.397,-5.98,0.028,0.84,0.0,0.0772,0.509,89.044
Counting Stars,OneRepublic,6sy3LkhNFjJWlaeSMNwQ62,0.664,0.705,-4.972,0.0382,0.0654,0.0,0.115,0.477,122.017
Country Song,Jake Bugg,0XY9YAtkp5GXMuFdkZk8Xp,0.414,0.172,-13.849,0.0323,0.969,6.72e-05,0.115,0.386,89.176
Crazy Train,Ozzy Osbourne,7ACxUo21jtTHzy7ZEV56vU,0.454,0.913,-4.008,0.107,0.408,0.000271,0.248,0.521,137.688
Creator,Santigold,2mepahtDztjkeUcje46YD1,0.407,0.868,-4.057,0.199,0.12,0.0,0.25,0.566,146.687
Crowded Table,The Highwomen,5HuaHij4kVpfEVv93MYCeW,0.559,0.562,-5.674,0.0325,0.203,9.48e-06,0.17,0.428,132.062
Cult of Personality,Living Colour,5e3YOg6fIkP0wD5TyxcHOH,0.504,0.918,-3.463,0.0517,0.00164,2.12e-05,0.78,0.539,92.031
Da Da Da,Trio,5XZkMrlZsAqY9ltgN1cN4b,0.819,0.692,-11.747,0.0543,0.0024,0.0184,0.321,0.963,131.259
Da Ya Think I'm Sexy?,Rod Stewart,4z7maGZkAonDlXlwo8q69f,0.715,0.689,-8.065,0.029,0.0143,0.000192,0.111,0.852,111.504
Da' Dip,Freak Nasty,76YDsWGWezclVy9Z6sDGhf,0.953,0.428,-17.199,0.298,0.0079,0.0302,0.224,0.723,131.737
Danger Zone,Kenny Loggins,34x6hEJgGAOQvmlMql5Ige,0.544,0.897,-6.056,0.0471,0.241,0.0,0.13,0.647,157.17
Dare (La La La),Shakira,0YoUczWJPqphLvxnTXG00N,0.792,0.73,-5.376,0.0698,0.0623,2.66e-05,0.089,0.616,128.029
Day Drinking,Little Big Town,1pxXqJZBrCREdC0s4Xs6Xz,0.591,0.959,-2.515,0.057,0.103,0.0,0.779,0.86,163.883
Daylight,Matt and Kim,57i3M29DWoo7RDk0Tf0LZG,0.57,0.798,-4.92,0.0323,0.102,0.000128,0.178,0.671,103.303
Days,The Kinks,47COMIg91E1U83OQolIiBt,0.548,0.768,-7.891,0.027,0.051,0.00666,0.0564,0.869,100.863
Days Go By,Dirty Vegas,2RLpFEf6d0708O7Bqhjyxg,0.786,0.853,-8.274,0.0688,0.0499,0.0872,0.35,0.309,126.99
Desert Rose,Sting,4WhyHQ2BXi2VU1iaFbF6jv,0.577,0.654,-7.9,0.0321,0.0143,0.0,0.114,0.13,111.993
Dig In,Lenny Kravitz,0mBmE1IzBpbhfwEU4nd4ew,0.671,0.921,-3.878,0.0291,0.0129,0.0235,0.0579,0.825,118.424
Do That to Me One More Time,Captain & Tennille,0m4jVVZrsv0bLkAr1uM6UG,0.728,0.524,-8.227,0.0255,0.563,0.000131,0.0913,0.51,90.262
Do What U Want,Lady Gaga,5XKXMWPACPq51OiqzxenZo,0.778,0.801,-4.65,0.086,0.345,1.18e-06,0.0881,0.534,97.47
Do You Love Me,The Contours,5MbNAHqNksNDycMZ0WUaO5,0.62,0.81,-6.594,0.039,0.432,0.0,0.0843,0.793,150.737
Do You Realize??,The Flaming Lips,2DFRFqWNahKtFD112H2iEZ,0.464,0.797,-5.244,0.0333,0.006,0.000304,0.392,0.547,129.964
Domani,MIKA,4NGIKS6qfDRcAVTlYBgSZ2,0.661,0.833,-4.868,0.0335,0.0714,0.0,0.1,0.636,124.068
Dominos,The Big Pink,0VpkfoJpz3V7we5dNoJRrE,0.441,0.896,-4.923,0.127,0.000605,2.11e-05,0.21,0.51,176.111
Don't,Ed Sheeran,1huvTbEYtgltjQRXzrNKGi,0.806,0.608,-7.008,0.0659,0.0113,0.0,0.635,0.849,95.049
Don't Bring Me Down,Electric Light Orchestra,72ahyckBJfTigJCFCviVN7,0.638,0.867,-6.469,0.0331,0.144,0.000733,0.0846,0.805,115.692
Don't Cha,The Pussycat Dolls,1gZ7i4qxXkHZb1r6eioaAP,0.877,0.637,-3.493,0.101,0.00516,2.5e-06,0.0959,0.569,119.988
Don't Change 4 Me,Matthew Moon,04AYEtzUDsaUFwpxw9tPrP,0.449,0.608,-3.249,0.0468,0.00105,0.0,0.359,0.498,149.872
Don't Fence Me In,Cole Porter,7bTlID6vzqECC5Vq61mysd,0.736,0.111,-23.458,0.056,0.635,0.772,0.103,0.874,126.467
Don't Mind,Mary J. Blige,2zfPO7DPnJ2Sxp3pniyU4z,0.608,0.812,-4.632,0.053,0.0068,0.000982,0.142,0.268,173.999
Don't Stop (Color on the Walls),Foster the People,4HRa9ZWcmZ8JD7UySPu0wT,0.611,0.948,-3.751,0.0753,0.00183,0.0995,0.0969,0.79,133.004
Don't Stop Me Now,Queen,7hQJA50XrCWABAu5v6QZ4i,0.563,0.865,-5.277,0.16,0.0472,0.000191,0.77,0.601,156.271
Don't Upset The Rhythm (Go Baby Go),Noisettes,5c5SVPVd9duygPOwO9n7e6,0.689,0.875,-3.307,0.0355,0.00923,0.00348,0.163,0.655,120.252
Don't You (Forget About Me),Simple Minds,3fH4KjXFYMmljxrcGrbPj9,0.66,0.816,-6.61,0.0299,0.168,0.0181,0.0608,0.678,111.346
Don't You Know What The Night Can Do?,Steve Winwood,4zGkOYqVX78eobhf2hTls4,0.54,0.762,-6.538,0.0285,0.14,0.000113,0.192,0.635,172.241
Donna,Ritchie Valens,0VE4ayVlGs5DBoqOdgJ0Zv,0.472,0.225,-12.581,0.0263,0.864,0.0,0.111,0.29,100.299
Down,Marian Hill,5eCkuGPZNl4mISFNPgr3Dd,0.678,0.357,-14.712,0.128,0.675,0.00569,0.124,0.0661,113.301
Down Down,Status Quo,5vVZaiK2mIL9WE1GWikOE6,0.47,0.899,-7.127,0.0333,0.113,6.89e-05,0.287,0.213,89.506
Dream On,Aerosmith,5MxNLUsfh7uzROypsoO5qe,0.307,0.433,-10.057,0.029,0.388,9.08e-05,0.332,0.224,160.9
Dreams,The Cranberries,4JGKZS7h4Qa16gOU3oNETV,0.551,0.643,-13.091,0.0353,0.00313,0.00385,0.421,0.514,128.661
Drew Barrymore,SZA,06u5LrUpbosQlQ1QJFhPpG,0.577,0.523,-5.538,0.0429,0.491,0.0,0.147,0.29,134.93
Drinkee,Sofi Tukker,0WE8YTl6GAVHnkfvMfci98,0.773,0.663,-8.101,0.0496,0.0557,0.61,0.229,0.324,115.002
Drinking In L.A.,Bran Van 3000,4WEaJQLlhlkOU7YJDLhn7x,0.568,0.707,-5.672,0.0582,0.0608,0.0,0.0673,0.663,171.968
Driving Home for Christmas,Chris Rea,3Z3QhZAZpqwZa1phsbQ3JZ,0.497,0.661,-9.047,0.0361,0.328,0.000317,0.211,0.894,180.225
Drop It Like It's Hot,Snoop Dogg,2NBQmPrOEEjA8VbeWOQGxO,0.888,0.632,-3.872,0.219,0.19,0.0,0.101,0.662,91.979
Dueling Banjos,Eric Weissberg and Steve Mandell,3iWC6AAzEB0Yh3m6Airvym,0.417,0.484,-8.781,0.079,0.409,0.959,0.0663,0.501,149.785
Easy,Commodores,1JQ6Xm1JrvHfvAqhl5pwaA,0.589,0.384,-15.075,0.0332,0.112,2.8e-05,0.0596,0.354,132.909
Eat Steak,The Reverend Horton Heat,0DiixF2hwgEo2v8nljFCdN,0.566,0.781,-9.02,0.0465,0.569,0.0,0.162,0.822,91.143
Edge Of Seventeen,Stevie Nicks,2id8E4WvczfKHB4LHI7Np3,0.59,0.828,-6.28,0.0439,0.277,5.57e-06,0.0868,0.636,111.353
Either Way,Wilco,5ovcVaOus1Wv4vTtyGXlhB,0.542,0.546,-9.927,0.0323,0.597,0.00382,0.111,0.344,74.797
Eminence Front,The Who,0LN5gIsS5tQSmRzQrHSaTR,0.697,0.787,-9.695,0.0305,0.232,0.587,0.0404,0.572,98.066
Enjoy Yourself (It's Later Than You Think),Guy Lombardo,0lMk95xQZtrTDFZGvXvqnU,0.784,0.382,-11.09,0.186,0.614,0.0,0.0479,0.882,145.96
Esseri umani,Marco Mengoni,1tefUBqLAW9l6HC10qOtCA,0.343,0.771,-4.371,0.0423,0.0843,0.0,0.195,0.301,183.677
Everlasting Love,Robert Knight,0YR8dAoJh6Hba2c9EvppJI,0.618,0.442,-13.154,0.0313,0.624,0.0291,0.106,0.403,116.113
Every Time the Sun Comes Up,Sharon Van Etten,38ydcsbayM4oX21Hhu84DT,0.663,0.522,-8.741,0.0374,0.392,5.41e-06,0.197,0.301,99.765
Everybody Knows,Leonard Cohen,60s0QWaOZ2UTzqdIHBCt3x,0.785,0.457,-13.827,0.0273,0.643,2.57e-06,0.172,0.692,104.205
Everybody's Happy Nowadays,Buzzcocks,7xUEsVEwSSXhjgBgZG57Tl,0.535,0.802,-7.472,0.137,0.00347,6.2e-06,0.18,0.598,110.591
Everyday,Slade,5qgGXHf4yXNk2Z1LzMQDCh,0.521,0.464,-3.883,0.025,0.65,3.58e-06,0.368,0.263,85.486
Everyday People,Sly & the Family Stone,7lL2lMWNtzOcf5HnEudNgn,0.813,0.619,-8.203,0.0294,0.245,0.0151,0.113,0.774,114.58
Everywhere,Fleetwood Mac,254bXAqt3zP6P50BdQvEsq,0.73,0.487,-10.991,0.0303,0.258,0.01,0.0852,0.731,114.965
Express Yourself,Madonna,6ioBgySxoeQKALvAeLEmId,0.667,0.93,-4.585,0.0608,0.0108,0.0,0.176,0.893,115.57
Eye of the Tiger,Survivor,2KH16WveTQWT6KOG9Rg6e2,0.817,0.599,-9.249,0.0328,0.132,0.000311,0.0873,0.548,108.873
F**kin' Perfect,P!nk,3MGJF1CDFGfjXESL2Heva0,0.57,0.646,-4.748,0.0331,0.0412,0.0,0.362,0.485,91.954
Fancy,Reba McEntire,0FtV0YbnnjD7PXpLHFHPhn,0.674,0.517,-11.225,0.0726,0.226,0.0,0.0697,0.482,94.98
February Air,Lights,4xVPcI30JGzvEhmm5jnbmO,0.612,0.813,-5.341,0.0757,0.301,0.000608,0.261,0.523,120.022
Feel It Still,Portugal. The Man,6QgjcU0zLnzq5OrUoSZ3OK,0.801,0.795,-5.115,0.0504,0.0417,0.000113,0.0717,0.754,79.028
Feeling Good,Nina Simone,6Rqn2GFlmvmV4w9Ala0I1e,0.399,0.326,-9.239,0.0386,0.864,0.0,0.191,0.546,79.206
Feeling Good,Avicii,7rc6L3UtM0uvwfpsl07GBL,0.32,0.588,-5.49,0.0449,0.34,0.0,0.112,0.111,131.585
Feliz Navidad,José Feliciano,0oPdaY4dXtc3ZsaG17V972,0.513,0.831,-9.004,0.0383,0.55,0.0,0.336,0.963,148.837
Fernando,ABBA,4BM8yJ0PzBi2ZewpMTOxtx,0.354,0.535,-8.876,0.0303,0.627,2.9e-06,0.0808,0.434,110.821
Fight Song,Rachel Platten,37f4ITSlgPX81ad2EvmVQr,0.564,0.714,-4.987,0.129,0.0549,0.0,0.155,0.33,175.924
Find My Baby,Moby,0dI4mHGU5PgjoU4Ogay1Bp,0.664,0.74,-6.806,0.0623,0.00197,0.0415,0.259,0.576,93.988
Find You,Zedd,1gpF8IwQQj8qOeVjHfIIDU,0.537,0.759,-5.622,0.0444,0.0267,0.0,0.0947,0.377,127.973
Fire,Barns Courtney,5w6B0sAH7XauCvMOAtplQj,0.548,0.64,-6.285,0.0306,0.21,0.000328,0.08,0.392,108.326
Flat Beat,Mr. Oizo,5jaVyz2GDdesyu01cBbOSc,0.94,0.425,-11.584,0.55,0.00021,0.486,0.273,0.499,128.989
Fly Away,Lenny Kravitz,1OxcIUqVmVYxT6427tbhDW,0.587,0.872,-5.066,0.0484,0.018,0.0,0.622,0.735,159.925
Fly Like An Eagle,Steve Miller Band,3e0FzZjTXOUtiJGSClOBrI,0.561,0.754,-12.769,0.112,0.61,0.0194,0.328,0.642,100.08
"Food, Glorious Food",Cast of Oliver!,2uf1ei8iASCvI3N4SHWLfl,0.467,0.297,-12.349,0.032,0.789,0.0,0.061,0.502,134.079
For What It's Worth,Buffalo Springfield,1qRA5BS78u3gME0loMl9AA,0.653,0.519,-10.164,0.0497,0.406,0.0209,0.101,0.822,98.883
For Your Love,The Yardbirds,6o21UfW2RHkzzleZGLfFpK,0.288,0.62,-10.103,0.0428,0.24,0.0,0.0882,0.617,94.445
Forever,Haim,2319gHincsCeSmc19Efi2j,0.773,0.867,-4.595,0.0603,0.145,0.000333,0.105,0.592,117.984
Forever,Chris Brown,3NZJlJemX3mzjf56MqC5ML,0.672,0.82,-4.456,0.0459,0.0368,0.000188,0.184,0.438,120.005
Forever Young,Rod Stewart,6y4OjcEz7LMrdVGODrcAIv,0.602,0.493,-17.899,0.0279,0.0934,0.00251,0.28,0.505,101.941
Freak on a Leash,Korn,6W21LNLz9Sw7sUSNWMSHRu,0.353,0.898,-5.877,0.052,2.23e-05,0.105,0.39,0.525,103.293
Free Ride,Edgar Winter,4DhbiXEuV7JxSR0wuqetTa,0.674,0.686,-11.927,0.0597,0.29,0.00322,0.189,0.814,124.204
Freedom,Pitbull,1StLlgkTm6s0LGRyAap9SP,0.701,0.931,-4.954,0.119,0.0949,0.0,0.126,0.803,118.034
Freedom Of Choice,Devo,2rqVAj02zaRGkNq6CR97nH,0.835,0.871,-13.353,0.0359,0.457,0.00852,0.0557,0.963,140.386
Freedom! '90,George Michael,3tyTt5pEWblt96j1HsXiV5,0.677,0.852,-10.856,0.045,0.225,3.95e-05,0.0595,0.93,91.691
Fuel,Metallica,1tTPC0hsnXq1IGpvWY54JC,0.491,0.951,-3.775,0.0465,2.3e-05,0.00354,0.0424,0.555,106.948
Gangnam Style,PSY,03UrZgTINDqvnUMbbIMhql,0.727,0.937,-2.871,0.286,0.00417,0.0,0.091,0.749,132.067
Gasolina,Daddy Yankee,6jEZLz3YpnEBRpVkv35AmP,0.857,0.801,-6.499,0.0618,0.332,1.2e-06,0.0789,0.753,96.009
Genesis,Justice,4wSmqFg31t6LsQWtzYAJob,0.693,0.789,-5.13,0.384,0.0168,0.366,0.0985,0.283,117.055
Genius Of Love,Tom Tom Club,6UBQONiLH8kNmmB8UrV2Ef,0.921,0.529,-11.974,0.0851,0.0845,0.000779,0.0478,0.724,102.941
Gertcha,Chas & Dave,485Cd38nHbhUtaHnhaTJXT,0.741,0.929,-6.963,0.0429,0.19,0.0,0.289,0.977,139.191
Get Busy,Sean Paul,5qTvkDrSfvwDv6RBjjcfQr,0.735,0.824,-4.143,0.036,0.615,0.0,0.158,0.726,100.202
Get Low,Dillon Francis,3oZoXyU0SkDldgS7AcN4y4,0.674,0.932,-4.424,0.0859,0.0282,0.71,0.684,0.728,101.033
Get Ready For This,2 Unlimited,6eMry77tX8WTocKpnVOGQs,0.797,0.863,-7.015,0.0559,0.0332,2.22e-05,0.0941,0.769,124.891
Get Together,The Youngbloods,7CQXyFX44CXmnuq8Bi9Dyc,0.542,0.492,-11.927,0.0256,0.467,0.00105,0.0863,0.58,103.064
Get Up Offa That Thing,James Brown,3whRKAOlJ0M3banzcChvQv,0.883,0.631,-11.473,0.42,0.339,5.19e-06,0.942,0.782,118.084
Get Ur Freak On,Missy Elliott,6zsk6uF3MxfIeHPlubKBvR,0.797,0.75,-9.369,0.247,0.533,0.108,0.095,0.74,177.87
Getting Better,The Beatles,3LtOmWpTXLhilL5odoKysR,0.632,0.471,-7.887,0.0348,0.313,5.08e-06,0.0712,0.764,121.672
Gigantic,Pixies,5G2g1EbEtFSMkMbAnhl7FV,0.39,0.694,-11.783,0.0399,0.00299,0.304,0.0757,0.795,115.197
Gimme Some,"Jimmy ""Bo"" Horne",0QkYkVSMKRodABlwztYdW5,0.802,0.597,-8.021,0.0777,0.00105,0.00224,0.109,0.973,121.367
Gimme Some Lovin',The Spencer Davis Group,3qCHUm73I3o5F1mDEfibzo,0.598,0.564,-6.454,0.032,0.216,0.000204,0.277,0.43,147.619
Girls,Sugababes,3Ij2VebVpzQmxwQSWtM00f,0.605,0.848,-4.554,0.0295,0.000105,0.0314,0.151,0.717,102.977
Give A Little Bit,Supertramp,6XUHsYE38CEbYunT983O9G,0.531,0.818,-5.358,0.0452,0.0694,0.0096,0.263,0.471,90.767
Give It To Me,J. Geils Band,67trulk6j7vx2hYGXiJAxq,0.601,0.531,-13.784,0.0431,0.475,0.229,0.058,0.818,117.676
Give Up the Funk (Tear the Roof off the Sucker),Parliament,4XRkQloZFcRrCONN7ZQ49Y,0.717,0.665,-9.503,0.0523,0.0659,0.0,0.326,0.774,105.693
Glass & Patron,FKA Twigs,3U6CPINSKmZJ09FtO9PgUa,0.629,0.523,-10.079,0.121,0.0449,0.000276,0.618,0.191,127.045
Go,The Chemical Brothers,2Xhd1kYKj2aee7JR3nIlRe,0.751,0.897,-3.598,0.0468,0.00957,2.88e-05,0.329,0.482,119.97
Go Where You Wanna Go,The 5th Dimension,22ajmorGB394NsdoMXYhaD,0.529,0.512,-10.249,0.038,0.67,0.0,0.371,0.669,115.184
Go Your Own Way,Fleetwood Mac,4xh7W7tlNMIczFhupCPniY,0.586,0.941,-5.139,0.0375,0.0167,0.000776,0.068,0.831,135.448
God Only Knows,The Beach Boys,6iGU74CwXuT4XVepjc9Emf,0.521,0.487,-7.525,0.0299,0.253,0.0,0.0579,0.483,117.072
Gold,Kiiara,6ZSO7kPn8IMJFymyticbJO,0.6,0.412,-9.343,0.344,0.615,0.0025,0.134,0.408,113.049
Golden Slumbers,The Beatles,01SfTM5nfCou5gQL70r6gs,0.419,0.152,-12.126,0.0277,0.326,0.0034,0.113,0.239,80.608
Good Life,OneRepublic,6OtCIsQZ64Vs1EbzztvAv4,0.634,0.69,-7.804,0.052,0.0771,0.0,0.132,0.645,94.988
Good Times,Chic,2wYKNcoqKW4IEcllj42xz1,0.869,0.503,-12.804,0.0479,0.0818,0.00837,0.187,0.914,112.664
Good To Be Alive (Hallelujah),Andy Grammer,3gHc5XTAywdFQUsHS6DD7G,0.797,0.896,-3.678,0.0512,0.0349,0.0,0.635,0.685,120.037
Good Vibrations,Marky Mark and the Funky Bunch,5hWdgGVcfTeLPAiHM6EZG9,0.711,0.951,-8.406,0.0537,0.00189,0.366,0.0229,0.903,121.656
Good Vibrations,The Beach Boys,5t9KYe0Fhd5cW6UYT4qP8f,0.396,0.473,-7.67,0.0345,0.326,0.000124,0.109,0.385,133.449
Goodbye,Kristinia DeBarge,5myYDbAurm1CW038qd4gL2,0.777,0.82,-3.211,0.0471,0.00505,2.6e-05,0.142,0.651,119.987
Goodnight Gotham,Rihanna,5LJz7kmFhLqB53tmVWxig5,0.418,0.672,-5.989,0.0429,0.00686,2.14e-06,0.277,0.353,82.134
Gooey,Glass Animals,1gk3FhAV07q9Jg77UxnVjX,0.487,0.369,-13.424,0.0406,0.736,3.75e-05,0.0925,0.106,183.114
Got Me Under Pressure,ZZ Top,1jzZZsfzxsebFa6KpWXaAr,0.607,0.939,-4.95,0.0375,0.0166,0.0081,0.0941,0.764,157.957
Green Onions,Booker T. & the M.G.'s,4fQMGlCawbTkH9yPPZ49kP,0.816,0.514,-8.741,0.0339,0.767,0.949,0.0899,0.912,136.837
Greensleeves,Traditional,4CeTYautLdTI3nSkqt7MXE,0.159,0.193,-15.818,0.0345,0.934,0.881,0.278,0.0585,90.739
Gronlandic Edit,Of Montreal,3X8gOyVXP93Tslnz9Bxw24,0.971,0.4,-7.154,0.0487,0.0833,0.000661,0.108,0.652,119.953
Groove Is in the Heart,Deee-Lite,2UVLuddklEVak5PXgC7baA,0.694,0.881,-4.053,0.0701,0.0153,0.0196,0.0851,0.924,121.554
Gunshot,Lykke Li,5mSjJvTv9l5X2CblEa2ehN,0.523,0.621,-5.535,0.032,0.0751,0.00226,0.0895,0.35,106.961
Guts Over Fear,Eminem,0VZs2OQq4axr8GFRdC9nyD,0.655,0.859,-4.277,0.221,0.328,0.0,0.248,0.525,140.049
Hair Of The Dog,Nazareth,1wXE6zvNWRz8GuMfEUgETz,0.688,0.745,-10.323,0.0519,0.00285,0.238,0.114,0.688,128.556
Half the World Away,Aurora,4TWshc0BwiunzoppGOqiYR,0.617,0.0947,-14.73,0.0422,0.947,6.05e-06,0.15,0.206,111.689
HandClap,Fitz and the Tantrums,4qRaZYiaOsSvWC7VgcxrI0,0.636,0.836,-3.004,0.0427,0.00609,0.000157,0.0828,0.715,139.956
Happiness,Needtobreathe,7aag0fFgE9K1Gj8lJwQaGI,0.575,0.765,-6.608,0.0345,0.00703,0.0,0.331,0.407,98.037
Happiness Runs,Donovan,6VjlixxvMk9GvMA1ly8i8V,0.458,0.151,-21.263,0.0612,0.877,0.0,0.153,0.373,153.595
Happy,Pharrell Williams,60nZcImufyMA1MKQY3dcCH,0.647,0.822,-4.662,0.183,0.219,0.0,0.0908,0.962,160.019
Happy Jack,The Who,4EQL3I68WEw20icaY5y6Cy,0.556,0.572,-11.692,0.0554,0.0272,0.00498,0.105,0.964,128.888
Happy Together,The Turtles,1JO1xLtVc8mWhIoE3YaCL0,0.584,0.367,-9.638,0.0328,0.55,1.38e-05,0.0818,0.588,120.175
Havana,Camila Cabello,1rfofaqEpACxVEHIZBJe6W,0.765,0.523,-4.333,0.03,0.184,3.56e-05,0.132,0.394,104.988
Haven't Got Time For the Pain,Carly Simon,0oAJ0BThYPkafNe8PNLqIq,0.551,0.362,-15.089,0.0297,0.63,0.0,0.0698,0.632,105.848
Haven't Met You Yet,Michael Bublé,4fIWvT19w9PR0VVBuPYpWA,0.615,0.733,-4.808,0.0335,0.152,0.0,0.109,0.796,122.58
"He Ain't Heavy, He's My Brother",The Hollies,41iPmvB2ogl3dzEHw9EZh0,0.309,0.441,-6.524,0.0291,0.409,1.73e-05,0.513,0.217,75.734
Heart and Soul,T'Pau,5kv4uJENk4nWUIzgYoz7SI,0.457,0.667,-8.723,0.0361,0.405,0.0,0.092,0.6,179.853
Heartbeats,José González,5YqpHuXpFjDVZ7tY1ClFll,0.589,0.177,-14.891,0.0325,0.977,0.714,0.0958,0.311,88.409
Heartbreaker,Justin Bieber,21pCToQdqcPi879auxjxKe,0.572,0.503,-7.334,0.0858,0.156,0.0,0.346,0.553,103.215
Heaven,Warrant,2dEgwtRjYl6TJkIwjRwn6z,0.462,0.488,-11.143,0.0287,0.115,0.0,0.128,0.33,145.789
Hello,Martin Solveig,3sl4dcqSwxHVnLfqwF2jly,0.666,0.975,-3.47,0.0345,0.0135,0.000925,0.105,0.452,128.005
"Hello Muddah, Hello Faddah",Allan Sherman,2Vo28PCuSInCfdZ2WMHVPL,0.619,0.409,-12.887,0.201,0.81,0.0,0.641,0.626,115.591
Here Comes The Girls,Ernie K-Doe,52uuK5LFmWNzpgFZPXX4Vz,0.772,0.542,-10.867,0.0359,0.592,0.000724,0.0557,0.962,98.692
Here I Go Again,Whitesnake,1qOU8KzFifXE9YrgjVwYvc,0.292,0.823,-6.763,0.0407,0.0117,7.79e-05,0.155,0.244,89.939
Hero,Mariah Carey,4FCb4CUbFCMNRkI6lYc1zI,0.501,0.378,-9.37,0.029,0.735,0.0,0.119,0.178,119.987
Hero,Enrique Iglesias,24Gxm7Eh7tO83E26LG0CsY,0.581,0.651,-5.617,0.0392,0.143,1.05e-05,0.107,0.146,151.959
Heroes,David Bowie,7Jh1bpe76CNTCgdgAdBw4Z,0.49,0.758,-6.491,0.0297,0.000671,0.484,0.092,0.435,112.114
Hey Brother,Avicii,4lhqb6JvbHId48OUJGwymk,0.545,0.78,-4.867,0.0436,0.0309,4.64e-05,0.0828,0.458,125.014
Higher Ground,Red Hot Chili Peppers,5arVt2Wg0zbiWwAOZef2Nl,0.476,0.979,-3.506,0.132,0.0014,0.00729,0.0944,0.416,140.404
Hit The Road Jack,Ray Charles,5yQFVCQkupKqTJecbXA7qT,0.559,0.631,-11.184,0.229,0.628,0.0,0.336,0.929,173.172
Ho Hey,The Lumineers,0W4Kpfp1w2xkY3PrV714B7,0.685,0.466,-9.074,0.0304,0.794,2.06e-06,0.0915,0.353,79.936
Hocus Pocus,Focus,2uzyiRdvfNI5WxUiItv1y9,0.262,0.818,-5.538,0.152,0.0218,0.916,0.276,0.395,183.629
Hold My Hand,Jess Glynne,1i1rNVtxbE7rdFfpHuNq2j,0.642,0.823,-5.717,0.0289,0.00159,0.0,0.0776,0.431,122.977
Hold On,Wilson Phillips,4VZDv8sASBS8UruUBGTFdk,0.679,0.657,-9.897,0.0255,0.4,0.0,0.0497,0.546,97.8
Hold On Tight,Electric Light Orchestra,6yBbmHFTxihIDFAerzDMGi,0.439,0.794,-11.792,0.0633,0.159,1.69e-06,0.434,0.748,145.056
Holiday,Vampire Weekend,4wtxSmTTeg6CiuhwIVKv0b,0.715,0.769,-5.24,0.105,0.023,0.000732,0.127,0.891,155.827
Holiday Road,Lindsey Buckingham,38i0QcGQ9hu8PMk4QObUTj,0.428,0.608,-13.729,0.0655,0.0144,0.000211,0.728,0.92,188.643
Home,Edward Sharpe & the Magnetic Zeros,7w5cxTEzp1rfV3KCy0Bd5N,0.542,0.589,-6.623,0.0318,0.292,0.000522,0.177,0.137,111.665
Home Sweet Home,Mötley Crüe,4zXvB4MoQD8onk0NCZbeHG,0.403,0.777,-6.416,0.0354,0.0999,3.28e-06,0.124,0.149,76.329
Hot In Herre,Nelly,04KTF78FFg8sOHC1BADqbY,0.956,0.745,-4.753,0.12,0.206,0.0,0.0615,0.912,107.075
Hotline Bling,Drake,0wwPcA6wtMf6HUMpIRdeP7,0.891,0.628,-7.863,0.0551,0.00258,0.00019,0.0504,0.552,134.966
How Bad We Need Each Other,Marc Scibilia,0gWcJrbC41WK5qsKowO0tz,0.669,0.717,-5.47,0.0558,0.071,0.0,0.0793,0.692,90.986
How You Like Me Now,The Heavy,7D180Q77XAEP7atBLmMTgK,0.647,0.71,-4.692,0.029,0.000973,0.703,0.0777,0.268,110.059
Howlin' For You,The Black Keys,0grFc6klR3hxoHLcgCYsF4,0.705,0.735,-6.646,0.0931,0.028,0.0783,0.112,0.448,132.627
Hypnotized,Purple Disco Machine,0vWUhCPxpJOJR5urYbZypB,0.69,0.813,-5.084,0.0997,0.0968,0.000324,0.109,0.704,108.078
I Am,Awolnation,31CgjKFR1pzFO5Im365rXB,0.573,0.746,-4.921,0.0286,0.171,0.000187,0.276,0.271,130.004
I Am Woman,Helen Reddy,3l2hbXdvmaH3tUd3qWLKgm,0.392,0.681,-8.723,0.0367,0.408,2.31e-05,0.375,0.711,171.162
I Believe In A Thing Called Love,The Darkness,756CJtQRFSxEx9jV4P9hpA,0.442,0.846,-5.214,0.0764,0.0538,4.71e-06,0.282,0.622,128.235
I Bet My Life,Imagine Dragons,15DrrIod12Tc2IoMaHiwlQ,0.553,0.657,-8.219,0.0405,0.335,0.000648,0.228,0.555,107.889
I Can See Clearly Now,Johnny Nash,0DcrhZ12WcCqruCs8ibXSf,0.681,0.373,-13.2,0.0568,0.633,0.00113,0.0751,0.623,123.423
I Drove All Night,Roy Orbison,6U7QjXYOaLJ741cIWPBTyN,0.478,0.624,-11.16,0.0393,0.655,0.00197,0.114,0.579,138.708
I Feel Pretty,West Side Story Original Broadway Cast,4zLvXjNRP6VS6Mj6yXmfS3,0.623,0.245,-17.578,0.0572,0.844,0.0,0.74,0.761,110.455
I Giorni,Ludovico Einaudi,0VLascXUZ2Ze2u5kUD5J1f,0.277,0.0314,-30.21,0.0545,0.992,0.943,0.0712,0.0495,131.571
I Gotsta Get Paid,ZZ Top,7rwM67LyGTDIq33h3Ukc6Y,0.542,0.941,-2.225,0.0621,0.052,0.000191,0.056,0.445,82.371
I Heard It Through the Grapevine,Marvin Gaye,1tqT6DhmsrtQgyCKUwotiw,0.711,0.362,-10.851,0.0381,0.272,0.0,0.127,0.616,117.287
I Just Wanna Shine,Fitz and the Tantrums,4GZ3YCkuH0VvTluVLwUp4g,0.705,0.918,-2.77,0.0684,0.04,9.3e-05,0.0803,0.546,92.511
I Just Want To Make Love To You,Muddy Waters,2HFczeynfKGiM9KF2z2K7K,0.304,0.73,-7.213,0.0443,0.0144,0.00213,0.135,0.934,176.702
I Know There's Gonna Be (Good Times),Jamie xx,06UOL50QYtDR5l06ohu88m,0.657,0.597,-9.919,0.168,0.12,0.0,0.477,0.486,89.606
I Like It,Cardi B,58q2HKrzhC3ozto2nDdN4z,0.816,0.726,-3.998,0.129,0.099,0.0,0.372,0.65,136.048
I Like It Like That,Pete Rodriguez,6Wy3X4jSszfisnRscJCHdq,0.596,0.7,-4.911,0.0323,0.68,0.000277,0.623,0.926,133.45
I Love It,Icona Pop,6HZ9VeI5IRFCNQLXhpF4bq,0.711,0.906,-2.671,0.0284,0.00952,1.64e-05,0.153,0.824,125.916
I Melt With You,Modern English,6J2rMSRhgb4HuX6dWgM3nJ,0.541,0.81,-11.745,0.0367,0.000975,0.00158,0.0681,0.647,155.582
I Still Call Australia Home,Peter Allen,72FDdK9WADdng1VTXhWlgt,0.317,0.394,-8.885,0.0274,0.566,0.0,0.123,0.154,90.653
I Walk The Line,Johnny Cash,7hxZF4jETnE5Q75rKQnMjE,0.713,0.258,-14.59,0.0384,0.877,0.00606,0.0967,0.56,98.805
I Will Never Let You Down,Rita Ora,2ia7iiEtpiOL2ZVuWxBZGB,0.753,0.801,-3.215,0.0296,0.403,0.0,0.128,0.794,128.011
I Wish I Knew How It Would Feel to Be Free,Billy Taylor,0MeAcBLoHDO5s5I0yNIvHw,0.48,0.145,-18.365,0.0472,0.995,0.896,0.105,0.124,112.622
I'd Like To Teach The World To Sing,The New Seekers,0hbC2CAJidLslKqJ39Lxh4,0.466,0.476,-9.289,0.031,0.749,0.0,0.22,0.856,133.731
I'll Stand By You,Pretenders,3Nf8oGn1okobzjDcFCvT6n,0.438,0.606,-6.549,0.0305,0.3,4.49e-06,0.0754,0.266,133.822
I'll Take You There,The Staple Singers,5YLnfy7R2kueN0BRPkjiEG,0.846,0.595,-8.372,0.0439,0.0904,1.96e-06,0.063,0.78,101.632
I'm A Man,The Spencer Davis Group,1oXq63OUf43LDnNPVtfvX8,0.557,0.859,-8.842,0.0662,0.159,0.0,0.117,0.678,128.641
I'm A Woman,Peggy Lee,2oBweKXM5LRYS3QQAeXTUK,0.585,0.35,-10.996,0.0524,0.562,0.0,0.0992,0.663,99.645
I'm Alive,The Hollies,5KnoGzqktzPxHC38VQgWha,0.436,0.586,-8.292,0.0308,0.0111,4.54e-06,0.447,0.674,132.778
I'm Alright,Kenny Loggins,7vJnM5FUcOV3xAKJHSSUWj,0.554,0.833,-7.562,0.0459,0.128,1.75e-06,0.3,0.95,162.854
I'm Free,The Soup Dragons,1K97Cp6YcpSRz1VxR1JKVC,0.645,0.931,-6.041,0.0752,0.0973,2.49e-05,0.0739,0.876,103.273
I'm Gonna Be (500 Miles),The Proclaimers,66S14BkJDxgkYxLl5DCqOz,0.851,0.551,-5.177,0.0396,0.151,0.0,0.0827,0.807,131.922
I'm Into Something Good,Herman's Hermits,3z6m2FukK7Vd5xYrjOLDLR,0.592,0.458,-8.2,0.0296,0.716,0.0,0.237,0.723,133.551
I'm Lovin' It,Justin Timberlake,6PfXAlQQ9S8sas54JYre3G,0.757,0.755,-4.371,0.0779,0.132,0.158,0.114,0.842,109.035
I'm Shipping Up To Boston,Dropkick Murphys,7rSERmjAT38lC5QhJ8hnQc,0.452,0.928,-3.133,0.079,0.000706,0.000637,0.226,0.6,129.188
I'm So Excited,The Pointer Sisters,1ot6jEe4w4hYnsOPjd3xKQ,0.59,0.868,-5.832,0.048,0.0962,0.000322,0.442,0.798,184.348
I'm Too Sexy,Right Said Fred,2WElktskrNJEwgpp5Vouxk,0.683,0.739,-12.831,0.0495,4.91e-05,0.0122,0.293,0.836,122.113
Ice Ice Baby,Vanilla Ice,3XVozq1aeqsJwpXrEZrDJ9,0.979,0.792,-2.784,0.0388,0.0025,7.71e-06,0.102,0.583,116.012
"If I Had $1,000,000",Barenaked Ladies,0KeDuUqEX3P0cKzRD5pEom,0.644,0.433,-14.016,0.113,0.378,0.0,0.101,0.761,80.161
"If You Want To Sing Out, Sing Out",Cat Stevens,340t55txxJWQmTFK7wARZh,0.687,0.284,-13.452,0.0355,0.791,0.0145,0.158,0.851,132.242
In Da Club,50 Cent,4RY96Asd9IefaL3X4LOLZ8,0.902,0.72,-2.776,0.347,0.26,0.0,0.0749,0.805,90.059
In Every Dream Home A Heartache,Roxy Music,3Wkho6tesTh4aF80T6evqH,0.182,0.539,-10.839,0.0799,0.0781,0.000101,0.212,0.413,69.717
In The Air Tonight,Phil Collins,18AXbzPzBS8Y3AkgSxzJPb,0.446,0.239,-13.945,0.0316,0.551,4.1e-06,0.0697,0.298,189.507
In Your Room,Bangles,6BsXgrxQViV3PdAjS13uWZ,0.612,0.585,-11.931,0.0337,0.0137,0.0068,0.0635,0.799,149.2
In the Summertime,Mungo Jerry,3RNyGLgSvmVRZ7xKUp8Wgd,0.754,0.449,-14.013,0.0615,0.724,0.0,0.162,0.973,82.751
Instant Karma,John Lennon,2BkXpZSvPoUDMLI2Xw9kAL,0.628,0.931,-9.973,0.0968,0.000689,0.00146,0.0997,0.144,119.976
Into Dust,Mazzy Star,7l5nkTZpoD93OkynN0gcon,0.415,0.132,-18.839,0.0353,0.94,0.137,0.113,0.122,169.006
Into The Valley,Skids,2QSD3K3b3BJ8DPhGhQfDPW,0.332,0.707,-12.698,0.0361,1.2e-05,0.00612,0.11,0.652,144.815
Invisible,U2,1zU1hssVqbyepuLza1qmgO,0.535,0.888,-7.097,0.0514,0.00714,0.00841,0.106,0.545,136.992
Iron Man,Black Sabbath,3IOQZRcEkplCXg6LofKqE9,0.336,0.792,-10.875,0.084,0.00351,0.00175,0.0437,0.427,155.587
It Takes Two,Marvin Gaye & Kim Weston,5Y9St7Txe6OT7MgXknJwDr,0.474,0.686,-7.624,0.0527,0.268,0.0,0.0981,0.882,74.305
It's Time To Party,Andrew W.K.,4w9FRInfBiUtdysiBqTR8b,0.483,0.979,-3.543,0.0655,0.000112,0.0,0.254,0.393,91.022
It's the Same Old Song,Four Tops,7d1ustAIlXG7ht5Q4IOv7s,0.704,0.678,-9.121,0.0295,0.143,0.0,0.119,0.977,125.185
Itsy Bitsy Teenie Weenie Yellow Polka Dot Bikini,Brian Hyland,3B3jI9LaQyOwrtjdlnNOw0,0.813,0.427,-11.543,0.0921,0.554,0.0,0.0248,0.964,123.112
Jailbreak,Thin Lizzy,4qbiCq2xkNPyojuZFeNeqx,0.616,0.761,-9.199,0.126,0.196,0.0025,0.374,0.708,145.074
Jakarta,Bonsaye,05rQuHa8lWk9PTpQUqcO31,0.647,0.766,-8.941,0.0473,0.778,0.934,0.0805,0.333,124.929
Jealous,Beyoncé,63wKtmUg754umO8SglEL79,0.589,0.541,-10.087,0.163,0.122,0.00414,0.0882,0.236,133.97
Jeans On,David Dundas,0uN4g8yIAUpbyjcLhn79t7,0.864,0.549,-9.741,0.0555,0.781,0.0143,0.0996,0.718,105.045
Jerk It Out,Caesars,5XMjXjwCkJVmk0AHm7z8IV,0.58,0.981,-2.603,0.06,0.0171,1.07e-05,0.386,0.861,134.007
Join Together,The Who,6JNVCUi0TUeNFVLvyXFJfN,0.56,0.743,-8.71,0.0422,0.304,0.000204,0.108,0.463,168.196
Jump Around,House of Pain,3TZwjdclvWt7iPJUnMpgcs,0.854,0.71,-6.32,0.0793,0.0113,8.72e-05,0.166,0.818,106.894
Jumpman,"Drake, Future",27GmP9AWRs744SzKcpJsTZ,0.852,0.553,-7.286,0.187,0.0559,0.0,0.332,0.656,142.079
Jungle,Jamie N Commons & X Ambassadors,2cuSqUUALtdW2R5Lq6jlcv,0.374,0.746,-4.504,0.0846,0.000809,0.000503,0.36,0.222,78.089
Just A Friend,Biz Markie,3yNVfRQlUPViUh8O2V9SQn,0.862,0.663,-9.004,0.21,0.12,0.0,0.318,0.837,85.308
Just A Little,Liberty X,1IMbmQCnl3h4m8NXqKee0g,0.796,0.617,-6.198,0.0619,0.00824,0.0,0.0495,0.72,103.858
Just Can't Get Enough,Depeche Mode,0xuXRQJfxmdP6gvfDe2Z4L,0.765,0.766,-9.374,0.0348,0.41,0.052,0.177,0.923,128.177
Just One Look,Doris Troy,154uJXAUVoqvV5on0w03a0,0.856,0.436,-15.419,0.0419,0.735,0.00193,0.125,0.944,107.967
Just Push Play,Aerosmith,3u1P7A1U6wlbm73j4NhDis,0.579,0.958,-5.677,0.0867,0.0519,0.0,0.087,0.409,100.058
Just What I Needed,The Cars,4alHo6RGd0D3OUbTPExTHN,0.619,0.579,-9.307,0.0473,0.0152,6.4e-05,0.0858,0.69,127.224
Keep on Movin',Soul II Soul,7upgDi9C0pQn9HZzGfksJq,0.676,0.386,-16.148,0.0633,0.0264,0.00054,0.0414,0.671,93.139
Kickstart My Heart,Mötley Crüe,7GonnnalI2s19OCQO1J7Tf,0.359,0.981,-3.622,0.303,0.00125,0.00236,0.284,0.271,178.98
Kill Em with Kindness,Selena Gomez,1QNoKVgA758HFLu3TW2q7R,0.757,0.884,-5.488,0.0404,0.00795,5.87e-05,0.0973,0.398,120.012
Killing The Blues,"Robert Plant, Alison Krauss",3KIoiyLwNxqHMfmlPFgDEG,0.519,0.438,-11.58,0.0256,0.618,0.513,0.171,0.376,74.561
Kiss From A Rose,Seal,3YKptz29AsOlm7WAVnztBh,0.584,0.533,-7.11,0.0305,0.684,0.0,0.306,0.224,131.745
Kuaga (Lost Time),Pierce Fulton,2ce5n5MpJQgvnAHtmfxS1C,0.602,0.97,-3.994,0.125,0.105,0.0053,0.201,0.364,127.953
Ladies Night,Kool & the Gang,5mXELvil737DPiUKMlC5XZ,0.673,0.582,-12.757,0.172,0.263,2.17e-05,0.0687,0.921,111.72
Lady Marmalade,Labelle,3GGcwG519BTMdvMeFy7meT,0.571,0.654,-11.034,0.0501,0.551,0.0,0.0599,0.947,117.955
Landslide,Fleetwood Mac,5ihS6UUlyQAfmp48eSkxuQ,0.414,0.161,-22.32,0.0318,0.883,0.000223,0.117,0.423,159.375
Last Good Day Of The Year,Cousteau,5SvaVaOTPyHgSKXyJjJeMS,0.539,0.58,-7.673,0.0249,0.405,0.0,0.13,0.787,97.329
Legs,ZZ Top,7t6CAWplijBj4sdl0q3z0e,0.611,0.946,-5.357,0.0378,0.00957,0.0708,0.36,0.763,125.398
Lemon,N.E.R.D,4PpuH4mxL0rD35mOWaLoKS,0.916,0.727,-6.556,0.0861,0.00214,0.000145,0.118,0.201,94.997
Let Her Go,Passenger,0JmiBCpWc1IAc0et7Xm7FL,0.479,0.545,-7.346,0.0688,0.365,0.0,0.0963,0.243,74.897
Let It Go,Idina Menzel,0qcr5FMsEO85NAQjrlDRKo,0.543,0.485,-6.85,0.0305,0.558,0.0,0.12,0.371,136.961
Let Love In,The Goo Goo Dolls,5wZ7v858f3VrSp5MfuxDeM,0.531,0.906,-3.227,0.0409,0.0148,0.00523,0.193,0.148,118.94
Let Me Go,Gary Barlow,051hFVOBXoq0Rg6485LVeq,0.55,0.586,-12.363,0.0308,0.0261,0.838,0.11,0.0925,129.996
Let The River Run,Carly Simon,0ubzTDRfqwMcmbbpK15sQX,0.41,0.46,-19.084,0.0574,0.933,0.47,0.182,0.307,101.797
Let There Be Peace On Earth,Various,4wBKO0YkmemaFEMkT7qkFs,0.395,0.174,-17.598,0.0454,0.978,0.953,0.135,0.13,102.763
Let's Face The Music And Dance,Fred Astaire,5agvdbstYFHnI7P6YBcWrC,0.255,0.179,-15.383,0.0402,0.943,0.163,0.333,0.2,172.836
Let's Go Crazy,Prince,0QeI79sp1vS8L3JgpEO7mD,0.309,0.93,-6.399,0.125,0.0192,0.0022,0.106,0.376,195.815
Let's Hang On,The Four Seasons,0W1IOQx9EEZM30edmVs0Q4,0.682,0.819,-5.402,0.085,0.375,0.0,0.333,0.662,129.43
Let's Spend The Night Together,The Rolling Stones,2FkBzncOXWo7pnN8oqm7Wx,0.566,0.795,-7.755,0.0498,0.689,0.0,0.249,0.572,140.859
Let's Stay Together,Al Green,63xdwScd1Ai1GigAwQxE8y,0.756,0.397,-10.701,0.0522,0.57,0.0115,0.0542,0.507,101.985
Life Is A Highway,Tom Cochrane,0hKF8N8aflF1uDzEEnPr2j,0.683,0.751,-10.184,0.0346,0.0681,8.36e-06,0.248,0.841,103.036
Life's About to Get Good,Shania Twain,4h5uOWibuxo0qrtejla7Pb,0.637,0.891,-4.704,0.0383,0.00435,0.0,0.339,0.689,99.979
Lightning Bolt,Jake Bugg,79DO6dBi8936P6EShLB209,0.551,0.839,-4.555,0.0787,0.0818,0.0,0.151,0.681,116.051
Like A Prayer,Madonna,1z3ugFmUKoCzGsI6jdY4Ci,0.624,0.842,-5.285,0.0376,0.264,2.11e-05,0.181,0.257,111.037
Like a Rock,Bob Seger,5Jno63iv0mzu5OZ28asYbE,0.399,0.645,-5.356,0.0271,0.112,0.000551,0.255,0.384,82.795
Little Man,Sonny & Cher,3pBtSlaM0qyH8mLXzVeUhh,0.596,0.553,-7.695,0.0326,0.459,0.0,0.0892,0.85,107.174
Live Your Life,Mika,0SuBZErVjsmwNucfoz0thF,0.617,0.82,-5.457,0.0445,0.0013,0.0,0.171,0.736,104.038
Livin' On The Edge,Aerosmith,4avSaixVwu8uqfSs7zgoj3,0.399,0.881,-4.341,0.0347,0.0019,0.00429,0.39,0.272,84.58
Livin' Thing,Electric Light Orchestra,2hdNya0b6Cc2YJ8IyaQIWp,0.549,0.651,-7.097,0.0323,0.583,0.0,0.121,0.368,122.818
Living in a Box,Living in a Box,2y5DTMrFIcZySlsIOL6N4N,0.635,0.872,-12.744,0.0445,0.245,0.0637,0.31,0.927,111.03
Lollipop,The Chordettes,1hFB1obL3dCyIDigkojSTm,0.65,0.593,-6.374,0.122,0.585,0.00244,0.441,0.825,143.179
Lonesome Town,Ricky Nelson,0SsYlkXxZ5vkWOTsKxMfMz,0.404,0.193,-12.501,0.0305,0.794,0.000296,0.103,0.273,77.026
Look at Me Now,Chris Brown,3hsmbFKT5Cujb5GQjqEU39,0.767,0.677,-6.128,0.184,0.0339,5.51e-06,0.144,0.538,146.155
Looks Like We Made It,Barry Manilow,3QqO9FxVrikwo7kS5ls3kQ,0.297,0.481,-7.681,0.0278,0.574,0.00352,0.094,0.456,139.896
Louder,DJ Fresh,1ZFdXzBLNeAG3VotbwFo7r,0.545,0.948,-0.889,0.0631,0.00111,0.0657,0.367,0.206,69.961
Louie Louie,The Kingsmen,0iA3xXSkSCiJywKyo1UKjQ,0.623,0.709,-9.818,0.0636,0.102,0.0,0.0967,0.948,122.394
Love Is All Around,The Troggs,5psbwXbjlWCqmLVzIqif7Q,0.457,0.492,-8.104,0.0291,0.432,0.00106,0.0996,0.691,98.921
Love Is Here to Stay,Gene Kelly,7lWSU8Cv0Fi95W872SIoXh,0.135,0.0649,-23.151,0.0411,0.953,0.221,0.115,0.14,59.425
Love Is The Truth,Jack White,0PgdkaQqvgI3wlWqXUqWUG,0.633,0.345,-11.576,0.0651,0.631,0.000152,0.141,0.436,123.104
Love Machine,The Miracles,1b833AsiKCEhLLxmdQu9Hw,0.741,0.829,-12.048,0.0554,0.0637,0.0,0.048,0.818,143.738
Love Rollercoaster,Ohio Players,1hRDHWWealh2Pk3fnpIe75,0.613,0.82,-10.175,0.0737,0.181,1.45e-06,0.049,0.465,115.125
Love Song For A Savior,Jars of Clay,0DbcdVCzmY1IjilPTPaSOe,0.59,0.695,-11.385,0.0343,0.202,0.0,0.0824,0.504,93.534
Love Stinks,J. Geils Band,3K9QlS0VCtkzUvo0HY75VE,0.65,0.449,-7.555,0.0281,0.00312,1.94e-05,0.548,0.699,89.641
Love Train,The O'Jays,28285KFbyCq8sJofn58qlD,0.744,0.568,-9.629,0.0494,0.186,1.18e-05,0.163,0.687,122.657
Lovely Day,Bill Withers,0bRXwKfigvpKZUurwqAlEh,0.69,0.651,-8.267,0.0324,0.292,0.00241,0.105,0.706,97.918
Lovin' Every Minute of It,Loverboy,7wxRteSKMVVYD570x3D7bx,0.523,0.69,-13.527,0.0414,0.21,0.0,0.243,0.845,173.266
Lovin' You,Minnie Riperton,4twhYPDyCP6ICeW3TtQVxP,0.392,0.213,-12.494,0.0415,0.903,1.01e-06,0.12,0.312,100.518
Lush Life,Zara Larsson,1rIKgCH4H52lrvDcz50hS8,0.694,0.712,-3.923,0.046,0.133,0.0,0.211,0.799,98.022
Lust For Life,Iggy Pop,21YxK0klhpfLW8budkJaMF,0.383,0.97,-5.638,0.0435,0.0276,0.0,0.0942,0.62,101.603
Macho Man,Village People,22kv2NoeaD7qhTgShfZjIv,0.745,0.593,-12.33,0.0439,0.0523,0.0,0.582,0.888,132.897
Mad About The Boy,Dinah Washington,1c7ELD4W6VyoKTglc4zzUH,0.344,0.147,-10.3,0.0369,0.922,0.00019,0.0482,0.263,177.192
Made to Love,John Legend,1G2Ya2ubnlS7xFfs1CfY3j,0.607,0.639,-6.099,0.0285,0.0348,0.00785,0.0927,0.359,107.006
Magic,Pilot,500h8jAdr7LvzzXlm1qxtK,0.393,0.588,-6.68,0.0613,0.345,0.0,0.134,0.728,203.145
Magic,Robin Thicke,1zy9PC4hGrVtCU7LoMOIqH,0.737,0.624,-6.487,0.0398,0.251,0.00295,0.101,0.651,107.959
Magic Carpet Ride,Steppenwolf,4c4jJJoaiY21t2TyRZgdWS,0.64,0.651,-14.981,0.0517,0.142,0.28,0.0341,0.801,111.676
Major Tom (Coming Home),Peter Schilling,709ffFK4o4MtG1NKoLvOma,0.787,0.42,-14.32,0.0645,0.153,0.164,0.169,0.838,161.247
Man Like That,Gin Wigmore,7KNIZlX0pBSBBrkI4d8AHB,0.607,0.885,-3.086,0.0763,0.00091,0.00391,0.558,0.539,103.047
Maps,Maroon 5,4gbVRS8gloEluzf0GzDOFc,0.742,0.713,-5.522,0.0303,0.0205,0.0,0.059,0.879,120.032
Masquerade,Nicki Minaj,4mNDJjAllo55akNIewGJxT,0.721,0.656,-5.501,0.0397,0.011,0.000401,0.275,0.328,117.995
McDonald's Girl,Dean Friedman,7JD090jBukALJzRzJanW9B,0.772,0.417,-12.174,0.0791,0.617,0.0,0.124,0.52,126.219
Me Too,Meghan Trainor,3KwwE4sgCzMaKWq6QBebmX,0.934,0.694,-5.849,0.101,0.0971,1.2e-06,0.477,0.833,123.831
Melissa,Allman Brothers Band,30St98Bok3jJmXdkkHVPQe,0.533,0.362,-14.791,0.0244,0.478,0.245,0.0857,0.45,82.993
Mellow Yellow,Donovan,4cix9zymmhisLuM56RDcB7,0.71,0.319,-12.387,0.0667,0.534,0.0201,0.211,0.757,105.489
Mercedes Benz,Janis Joplin,1MntHPLU1T7a9W4tojbg8g,0.704,0.106,-15.169,0.542,0.939,0.0,0.0674,0.521,86.763
Mercury Blues,Alan Jackson,7JiCaZ93B0hdj3XwFqwn4W,0.538,0.786,-7.69,0.0336,0.371,0.00258,0.0517,0.917,172.019
Midnight Rider,Allman Brothers Band,1hHGUdFaiJHw9hVZGJWYO2,0.585,0.532,-9.673,0.0268,0.209,0.00797,0.227,0.68,94.461
Misbehaving,Labrinth,04EDShdWyBr2aJPqjFjKAQ,0.716,0.657,-5.877,0.0881,0.0359,0.000351,0.0817,0.433,124.996
Mississippi Queen,Mountain,4vO9dmzNRqDhFY3jD1a3P7,0.581,0.624,-8.346,0.0777,0.0987,0.0,0.0411,0.637,139.714
Mmm Yeah,Austin Mahone,2n3CaPGPLYnYAvTEwKCX8t,0.712,0.922,-3.902,0.0411,0.00266,1.9e-06,0.268,0.976,125.984
Modern Love,David Bowie,3gxEZXUjrNbl3TlSrTGbR5,0.358,0.938,-5.577,0.0483,0.00375,9.2e-06,0.117,0.944,182.836
Molly's Chambers,Kings of Leon,0nCAVzknkzRXRgB6LhRv04,0.598,0.911,-3.97,0.0515,0.222,3.84e-06,0.216,0.953,146.469
Monument,"Röyksopp, Robyn",616ddBwW0LpyhCpLE5BpIP,0.51,0.855,-6.858,0.0406,0.00604,0.125,0.706,0.644,93.038
Motorcycle Emptiness,Manic Street Preachers,6Ubz7S4IFSWVxlkMiRyMIK,0.525,0.806,-3.655,0.03,8.18e-06,0.0552,0.157,0.213,112.453
Move Closer,Phyllis Nelson,7Mjw0uK12MhQ7RMRSv2qXS,0.595,0.54,-15.247,0.0357,0.217,0.000246,0.417,0.65,80.903
Move On Up,Curtis Mayfield,0MHXrqn909p0LRTPsNsGEi,0.538,0.969,-5.626,0.0906,0.417,0.00154,0.119,0.928,138.652
Movin' On Up (from Jeffersons),Soundtrack,3ViIKzHvuCThYuAXNJVy0Q,0.52,0.624,-7.365,0.383,0.446,0.0,0.453,0.901,183.208
Mr Slaters Parrot,The Bonzo Dog Band,5IhOysrSo9cmIxM4e05oSL,0.757,0.583,-14.74,0.0884,0.167,0.261,0.13,0.855,131.464
Mr. Big Stuff,Jean Knight,2Bls0igCm79XQQ95IoUbhq,0.886,0.491,-12.589,0.171,0.29,2.46e-06,0.229,0.971,93.236
Mr. Blue Sky,Electric Light Orchestra,2RlgNHKcydI9sayD2Df2xp,0.388,0.338,-10.054,0.0328,0.652,3.72e-06,0.248,0.477,177.784
Mr. Roboto,Styx,7C0rG4oWO7VeZcffyW1sK9,0.663,0.482,-12.093,0.0479,0.186,0.0,0.0521,0.314,144.13
Music To Watch Girls By,Bob Crewe,2QZ3TaDZsHEFPYBxBWel9X,0.464,0.466,-12.788,0.0331,0.0149,0.388,0.139,0.587,139.299
My Baby Just Cares For Me,Nina Simone,6VTbbVjKOC2qWagIDbkJrC,0.746,0.243,-15.134,0.123,0.829,1.02e-06,0.0905,0.425,118.578
My House,Flo Rida,6Knv6wdA0luoMUuuoYi2i1,0.688,0.702,-4.792,0.0499,0.0215,0.0,0.128,0.74,94.006
My Name Is,Eminem,75IN3CtuZwTHTnZvYM4qnJ,0.869,0.68,-6.233,0.318,0.0416,1.12e-06,0.0914,0.815,85.519
Naeem,Bon Iver,1ff60tDWdcdVN6PtKQXWny,0.37,0.408,-10.355,0.0441,0.804,0.0279,0.678,0.164,125.068
Need You Tonight,INXS,5eU8qMd0TpaLqTGDZJaLDs,0.801,0.723,-4.985,0.0689,0.0713,0.154,0.0675,0.883,109.03
Never Be the Same,Camila Cabello,4eWQlBRaTjPPUlzacqEeoQ,0.637,0.713,-4.333,0.0747,0.181,0.000637,0.137,0.243,129.923
Never My Love,The Association,32ssNweOtmacNBEC2kHzA8,0.435,0.428,-11.747,0.0268,0.171,0.000708,0.149,0.61,95.534
Never Tear Us Apart,INXS,1qQSRy9DjrGh3jtsSCU6B1,0.665,0.686,-5.849,0.0268,0.0518,0.000176,0.174,0.275,96.848
New Sensation,INXS,2bxY1baYlyXNzmjOkFvqId,0.68,0.967,-2.771,0.0664,0.0661,1.75e-06,0.0808,0.895,115.748
New Slang,The Shins,1wAqhAF1dynDjMy7m5CSSE,0.669,0.388,-11.547,0.0306,0.605,0.144,0.0905,0.645,130.016
New Soul,Yael Naim,476JcJ3TpAuCOlGdCmomGm,0.769,0.371,-8.522,0.0326,0.733,3.73e-05,0.106,0.653,100.001
No Matter What Shape (Your Stomach's In),The T-Bones,5DkgAX62bM7gwYpOGtOGfK,0.786,0.803,-12.7,0.0313,0.257,0.793,0.044,0.964,125.841
No Rain,Blind Melon,6txWz9UapYHVxEd7dDIHXT,0.389,0.476,-9.342,0.0316,0.619,5.09e-05,0.255,0.566,148.117
No Sleep Till Brooklyn,Beastie Boys,5qxChyzKLEyoPJ5qGrdurN,0.712,0.691,-8.157,0.128,0.122,0.0,0.0538,0.742,97.022
No You Girls,Franz Ferdinand,37CBHPCzV1rizPrxRUyR72,0.679,0.909,-4.129,0.0297,0.00915,3.27e-05,0.139,0.899,104.781
Not Gonna Break Me,Jamie N Commons,2lHWiGp4TH9swlq2iZEodE,0.643,0.724,-4.811,0.039,0.019,0.000108,0.067,0.218,80.012
Nothing But A Heartache,The Flirtations,1b63ryTONnLSP14Oytqp6p,0.489,0.936,-4.909,0.0533,0.000168,0.000263,0.149,0.822,111.845
Nothing From Nothing,Billy Preston,72PoJMDfdaw9gGECgA9kTZ,0.808,0.83,-3.995,0.0283,0.613,0.0112,0.198,0.909,102.8
Nothing's Gonna Stop Us Now,Starship,3X7uFMzJrEE0sxn62qd8Ch,0.643,0.802,-4.92,0.0227,0.0299,0.0,0.0719,0.53,95.99
O-o-h Child,The Five Stairsteps,74JdR9aXE6I74oS1BVRsvb,0.488,0.754,-7.95,0.0381,0.00154,2.42e-05,0.678,0.664,88.369
Oh Africa,Akon,6Kz15VD322cOE7kE1vxO9M,0.593,0.749,-6.185,0.0399,0.383,0.0,0.482,0.513,127.845
Oh Boy,Miss Li,0OHmk0jAIDlgYkjMFqGnRW,0.559,0.63,-8.731,0.0583,0.0971,0.000119,0.189,0.613,109.542
Oh Boy!,Buddy Holly,7s7Zu78CztOUFUyQ4BijBQ,0.543,0.619,-7.518,0.0377,0.777,0.0,0.109,0.846,96.842
Oh My Love,The Score,4Q99wmrzQFtK3oweyLkWij,0.564,0.919,-3.432,0.155,0.0278,0.0,0.251,0.733,149.02
Old Town Road,Lil Nas X,2YpeDb67231RjR0MgVLzsG,0.878,0.619,-5.56,0.102,0.0533,0.0,0.113,0.639,136.041
On My Radio,The Selecter,5X7Sbugnqqm3ffA9y7b7wD,0.783,0.706,-7.544,0.0434,0.0493,0.0617,0.158,0.96,141.021
On The Wings Of Love,Jeffrey Osborne,6AEdWbrFREOUNmI1hMPbyc,0.546,0.352,-12.066,0.032,0.404,0.0,0.355,0.39,69.199
On Top Of The World,Imagine Dragons,6KuHjfXHkfnIjdmcIvt9r0,0.635,0.926,-5.589,0.151,0.0893,4.53e-06,0.0928,0.761,100.048
One Day,Charice,1RuMGQ3KEOYzL8tdHN2foz,0.677,0.894,-5.211,0.0379,0.0066,0.000371,0.384,0.79,104.97
One Day I'll Fly Away,Vaults,2E2wjpmXq6kTRi2klFYXll,0.427,0.211,-11.838,0.032,0.473,0.0424,0.09,0.0437,125.413
One Love,Bob Marley & the Wailers,2HcyIzVsX45jLIxK7SH2aI,0.725,0.523,-9.593,0.324,0.0783,0.0,0.0665,0.95,76.292
One Week,Barenaked Ladies,29hBRadFZf9QTGRHZmxm65,0.702,0.898,-6.003,0.0373,0.00854,0.000154,0.0917,0.731,112.845
Only Time,Enya,6FLwmdmW77N1Pxb1aWsZmO,0.418,0.249,-13.744,0.0301,0.841,0.661,0.112,0.213,82.803
Oo-De-Lally,Roger Miller,0mWXrr6HQZUhCQG4JMkT2e,0.666,0.189,-16.991,0.137,0.946,0.0,0.103,0.572,80.312
Ooh La La,Faces,4lJ6YVXQ0jUk5ILu0PSrA4,0.601,0.574,-8.166,0.03,0.579,1.14e-05,0.216,0.8,147.964
Ooh La La,Goldfrapp,6oLb4m0HlijuaxtQIbvAhp,0.48,0.676,-7.727,0.0631,0.00996,0.642,0.116,0.199,144.514
Open Up Your Door,Richard Hawley,3HNp9HQ33wdDhAvEc4arE8,0.412,0.21,-12.465,0.028,0.535,0.0139,0.338,0.149,71.043
Original Of The Species,U2,6ml01NkC9AfM4OICOtRxEY,0.405,0.643,-4.974,0.0293,0.00372,0.000268,0.0902,0.278,173.803
Our Country,John Mellencamp,5p53PF8DpDlAe7I9zXwirD,0.501,0.791,-4.996,0.032,0.00658,0.0,0.109,0.461,108.181
Our House,"Crosby, Stills, Nash & Young",2hitsKa8SthKhRJBXUHbIv,0.593,0.205,-14.601,0.0479,0.896,5.46e-05,0.119,0.377,140.279
Our House,Madness,1qV6e4ITnfGmA6m6Vklvbi,0.601,0.649,-10.57,0.0554,0.0285,7.71e-05,0.127,0.708,121.66
Out The Speakers,"A-Trak, Milo & Otis",4i3IBAYQQRdiGjbsK4AHuS,0.674,0.921,-3.274,0.0524,0.0112,0.84,0.952,0.279,103.966
Oye Como Va,Santana,5u6y4u5EgDv0peILf60H5t,0.736,0.379,-13.208,0.0539,0.301,0.345,0.104,0.948,128.399
POWER,Kanye West,2gZUPNdnz5Y45eiGxpHGSc,0.542,0.914,-4.747,0.113,0.0161,0.0,0.744,0.576,153.993
"Paint It, Black",The Rolling Stones,63T7DJ1AFDD6Bn8VzG6JE8,0.464,0.795,-9.267,0.0926,0.0493,0.00244,0.399,0.612,158.691
Palace,Sam Smith,5UFvcTCbp9P057YbRNsJ3U,0.345,0.193,-10.236,0.0328,0.74,4.2e-06,0.117,0.268,77.547
Pale Shelter,Tears for Fears,0Xam0zVac3hKWWN4OQ5Gdr,0.555,0.875,-5.287,0.0335,0.0307,0.00521,0.46,0.559,118.643
Palladio,Escala,1ALiG3jOB2tOfKiAWscWYQ,0.587,0.866,-5.006,0.0332,0.216,0.878,0.0896,0.35,91.298
Paradise by the Dashboard Light,Meat Loaf,2g7gviEeJr6pyxO7G35EWQ,0.326,0.872,-7.602,0.122,0.214,0.0,0.461,0.492,173.381
Party Hard,Andrew W.K.,0E0bZtTG39K95uRjqBo1Mx,0.461,0.994,-3.413,0.0429,3.08e-05,9.92e-06,0.156,0.751,162.171
Pass it Along,Chumbawamba,51W9ZvV20w6GhfC9tIj6ug,0.543,0.834,-5.825,0.0461,0.297,0.0,0.107,0.179,90.013
Pep Rally,Missy Elliott,3Of77FYMTeIucSWOnOvAkH,0.829,0.748,-3.614,0.124,0.217,0.0,0.204,0.324,90.013
Perfect Day,Lou Reed,4TOMI010Sd4ZAX4aZ5TS85,0.4,0.267,-12.488,0.0323,0.744,0.00734,0.103,0.0872,144.799
Phenomenal,Eminem,4e5lEqydMatcEio6ef9Dpf,0.64,0.841,-2.426,0.0466,0.153,0.0,0.0457,0.0471,121.075
Physical,Olivia Newton-John,3hVrI7snZMTmHCnbwME47u,0.834,0.633,-11.442,0.0422,0.0631,5e-05,0.313,0.904,123.815
Pianni,Mara Carlyle,6wySQH1Qy1cPnuF78Co121,0.297,0.047,-20.511,0.043,0.993,0.0404,0.0946,0.346,81.249
Picture Book,The Kinks,5HOQNAXcPSwV7Gt8AV8qiP,0.827,0.952,-7.453,0.0314,0.172,0.00043,0.228,0.971,121.192
Piece Of My Heart,Big Brother & the Holding Company,1xKQbqQtQWrtQS47fUJBtl,0.443,0.727,-7.951,0.145,0.263,0.000141,0.169,0.566,160.82
Pinball Wizard,The Who,6LbbHFEajG9e4m0G3L47c4,0.543,0.715,-8.89,0.0356,0.0192,0.0,0.256,0.468,124.011
Pink Moon,Nick Drake,16qzGrIMWoxerw2gnW0zuv,0.638,0.256,-15.68,0.0492,0.819,0.0707,0.145,0.438,82.479
Play Ball,AC/DC,3fpzBeEHvuXKOl7QeVe1iz,0.52,0.872,-4.354,0.0383,6.71e-06,0.246,0.207,0.449,120.006
"Please, Please, Please, Let Me Get What I Want",The Smiths,6BrMEbPSSj55nQhkgf6DnE,0.241,0.468,-9.579,0.0272,0.534,0.0,0.161,0.451,91.581
Position to Win,Migos,75VRabO3e7Twgd7mSoPdbF,0.716,0.88,-4.632,0.265,0.193,0.0,0.432,0.66,166.126
Praise You,Fatboy Slim,21RDsw7wzUJNl2FbWTgEfJ,0.621,0.885,-6.826,0.0473,0.0418,0.492,0.133,0.554,109.728
Pressure Drop,Toots & the Maytals,7cfILJJHW9ZSkbM2ywLhiN,0.658,0.571,-11.972,0.0432,0.106,0.0,0.0286,0.985,148.964
Push It,Salt-N-Pepa,6sT9MWlJManry3EQwf4V80,0.913,0.596,-12.477,0.0707,0.00658,0.00349,0.078,0.973,127.215
Radioactive,Imagine Dragons,4G8gkOterJn0Ywt6uhqbhp,0.448,0.784,-3.686,0.0627,0.106,0.000108,0.668,0.236,136.245
Rapture,Blondie,6F2vo4sxRNQ58VYe3pdiaL,0.724,0.704,-8.258,0.0511,0.113,0.00425,0.466,0.96,107.486
Rather Be,Clean Bandit,3s4U7OHV7gnj42VV72eSZ6,0.799,0.586,-6.735,0.0377,0.162,2.03e-06,0.193,0.549,120.97
Ray Of Light,Madonna,4Fpsa3pYc3gozrxHRRPvR6,0.561,0.909,-7.878,0.0312,0.00118,0.46,0.0713,0.71,127.172
Reach Out I'll Be There,Four Tops,6Pkj4nv5K53i64cLVgkVyY,0.607,0.599,-8.908,0.0282,0.0253,0.0,0.188,0.735,119.842
Reach Out of the Darkness,Friend & Lover,3DrlHWCoFqHQYGwE8MWsuv,0.637,0.432,-13.219,0.033,0.0267,0.0185,0.0756,0.856,116.421
Ready Or Not,Fugees,3vZO25GdYuqFrR1kzZADnp,0.607,0.422,-13.364,0.499,0.209,0.0,0.0839,0.563,130.47
Real Love,Tom Odell,1Udy17gjGeZPNdmmcLjl7L,0.363,0.205,-9.301,0.0271,0.916,1.6e-06,0.105,0.18,82.932
Real Love Baby,Father John Misty,0Z57YWES04xGh3AImDz6Qr,0.417,0.686,-6.484,0.0373,0.0955,0.0287,0.0989,0.625,204.113
Reet Petite,Jackie Wilson,3h4udS0WeWbsur3yfjvnm4,0.664,0.66,-6.526,0.13,0.447,0.0,0.298,0.873,84.345
Renegades,X Ambassadors,0fYVliAYKHuPmECRs1pbRf,0.526,0.862,-6.003,0.0905,0.0144,0.0597,0.229,0.528,90.052
Rescue Me,Fontella Bass,1GY8zOFi8rC39xXnD0tKO8,0.678,0.544,-9.468,0.0326,0.668,9.62e-06,0.103,0.963,122.735
Respect,Aretha Franklin,7s25THrKz86DM225dOYwnr,0.805,0.558,-5.226,0.041,0.164,2.2e-05,0.0546,0.965,114.95
Return Of Django,The Upsetters,3X6b40Xr4zxbyLatxilx6T,0.795,0.519,-9.514,0.0357,0.137,0.808,0.126,0.945,154.948
Return Of The Mack,Mark Morrison,3jDdpx9PMlfMBS5tOBHFm9,0.715,0.833,-5.379,0.108,0.00631,0.0,0.164,0.612,95.487
Revolution,The Beatles,3UDmHZcBTQp8Iu8droNtUl,0.407,0.834,-9.224,0.208,0.0734,0.00021,0.241,0.71,121.38
Rhapsody in Blue,George Gershwin,0g7AZiNDzDuEYOwV27qoXb,0.309,0.258,-15.327,0.0459,0.976,0.69,0.0924,0.115,74.568
Right Now,Van Halen,6N1sNzq3CArC1pMSaZTxaT,0.529,0.662,-11.745,0.0273,0.153,0.00542,0.099,0.302,93.93
Right Said Fred,Bernard Cribbins,6iPWeSBNyFjM07shPxuUup,0.785,0.519,-8.017,0.294,0.334,0.0,0.0868,0.66,98.081
Ring My Bell,Anita Ward,7GK2KVYH8FrTC9zehmjVMd,0.781,0.556,-13.067,0.0611,0.0661,0.0907,0.0339,0.968,125.999
Riptide,Vance Joy,3JvrhDOgAt6p7K8mDyZwRd,0.484,0.731,-6.694,0.0379,0.431,0.0,0.151,0.51,101.654
River Cross,Pearl Jam,3vM4uIHDY9nAZcRRoyXnLX,0.498,0.51,-10.319,0.0358,0.544,0.000119,0.0839,0.225,119.937
Rock And Roll,Led Zeppelin,4PRGxHpCpF2yoOHYKQIEwD,0.317,0.887,-7.292,0.0375,0.000582,0.00258,0.0891,0.871,169.613
Rock Me Gently,Andy Kim,2qh2VGAOYFXLsMbdATRf6w,0.719,0.703,-8.306,0.0545,0.231,9e-05,0.129,0.776,123.173
Rock The Boat,Hues Corporation,7fu3Tv5rcoGD1PZV7s57WW,0.597,0.581,-9.72,0.0449,0.257,0.0,0.105,0.885,107.202
Rock You Like A Hurricane,Scorpions,58XWGx7KNNkKneHdprcprX,0.482,0.617,-12.931,0.0458,0.00543,0.000146,0.284,0.718,125.697
Rock and Roll Ain't Noise Pollution,AC/DC,6J17MkMmuzBiIOjRH6MOBZ,0.576,0.659,-5.617,0.0383,0.041,0.0,0.0587,0.717,94.853
Rockin' Around The Christmas Tree,Brenda Lee,2EjXfH91m7f8HiJN1yQg97,0.589,0.472,-8.749,0.0502,0.614,0.0,0.505,0.898,67.196
Rollercoaster,Bleachers,5L95vS64rG1YMIFm1hLjyZ,0.421,0.79,-6.227,0.0538,0.00205,0.000309,0.148,0.279,162.024
Roots and Wings,Miranda Lambert,7pEZg5eWtQxsVFpMj1Nh6D,0.424,0.698,-5.791,0.0298,0.00124,5.72e-05,0.0984,0.447,148.953
Round And Round,Ratt,5B6Z7NwVqA7W3UFiqBdEJC,0.628,0.934,-6.026,0.0527,0.00682,1.11e-05,0.0852,0.491,126.538
Rumble,Link Wray & The Wraymen,1LtCnfSg27XkyOAGCJo10g,0.552,0.616,-9.832,0.0362,0.27,0.00266,0.519,0.577,85.118
Runaway,Kanye West,3DK6m7It6Pw857FcQftMds,0.374,0.568,-3.825,0.109,0.219,0.00219,0.513,0.111,84.733
Runnin' (Lose It All),Naughty Boy,5yZvaUVyuXfSVUaMumFi6l,0.319,0.846,-6.109,0.0796,0.0103,4.11e-05,0.475,0.0784,139.163
S.O.B.,Nathaniel Rateliff & the Night Sweats,1VPUpUwtbpoRVXt0txVU0w,0.699,0.579,-6.504,0.0416,0.267,0.00602,0.452,0.128,109.948
Sabotage,Beastie Boys,0Puj4YlTm6xNzDDADXHMI9,0.324,0.938,-7.332,0.102,0.032,0.0321,0.0961,0.543,168.131
Safe and Sound,Capital Cities,6Z8R6UsFuGXGtiIxiD8ISb,0.655,0.819,-4.852,0.0316,0.000176,0.00374,0.104,0.766,117.956
Sale El Sol,Shakira,1DJxR9NMQ14fv1WK0pHodt,0.698,0.686,-5.925,0.0293,0.155,0.0,0.103,0.257,119.006
Santa Baby,Eartha Kitt,1vZKP9XURuqMp1SpXGnoyb,0.704,0.103,-15.056,0.0607,0.897,0.0,0.192,0.468,84.475
Savior,Iggy Azalea,1rMo0Fuv4vYRGT78bZQohI,0.784,0.661,-6.181,0.0929,0.0681,1.19e-05,0.103,0.649,100.07
Saw Lightning,Beck,0JeNWvckrkYpR8cY5A4Phs,0.675,0.911,-5.075,0.0449,0.0502,0.0488,0.0736,0.849,120.016
Sax,Fleur East,20dJUFrfY0TBZ7HHhJgjsg,0.728,0.892,-5.172,0.126,0.0144,0.0,0.469,0.826,117.976
Say I Wanna Know,Nick Waterhouse,4tmAywglGXw3nAIx709zKy,0.638,0.559,-6.589,0.0488,0.437,0.0,0.0956,0.6,63.156
Say Something,A Great Big World,6Vc5wAMmXdKIAM7WUoEb7N,0.407,0.147,-8.822,0.0355,0.857,2.89e-06,0.0913,0.0765,141.284
School's Out,Alice Cooper,5Z8EDau8uNcP1E8JvmfkZe,0.294,0.745,-9.138,0.0461,0.05,0.125,0.676,0.347,134.364
Scorpio Rising,Death in Vegas,7kJ5bBs3z7I3LlvedHXyh1,0.186,0.682,-8.737,0.0441,0.106,0.0942,0.935,0.19,166.084
Scream & Shout,will.i.am,2iJuuzV8P9Yz0VSurttIV5,0.772,0.685,-6.849,0.0696,0.019,8.96e-05,0.131,0.501,130.033
Search And Destroy,The Stooges,00sydAz6PeOxYzwG1dRIPi,0.235,0.977,0.878,0.107,0.00353,0.00604,0.172,0.241,152.952
Season 2 Episode 3,Glass Animals,4vcoNCrTtunmJ9q8srpVly,0.742,0.289,-7.833,0.115,0.543,4.57e-05,0.228,0.71,147.986
Season Of The Witch,Donovan,6MOEQCtAWNSCmvg3SFKF5y,0.516,0.513,-10.762,0.0288,0.159,0.00957,0.0612,0.694,99.735
Secret Agent Man,Johnny Rivers,2BlaUfBTbWG50DoZHBD1uV,0.539,0.452,-16.838,0.0461,0.0238,0.0197,0.944,0.928,163.101
Secrets,OneRepublic,1NhPKVLsHhFUHIOZ32QnS2,0.516,0.764,-6.223,0.0366,0.0717,0.0,0.115,0.376,148.021
Send Me On My Way,Rusted Root,6hs3SDnbO3f6VQuPO4KBEb,0.5,0.681,-9.556,0.0672,0.114,4.01e-05,0.139,0.745,119.46
Sexy Lady,Jessie J,60YqDe8UqfRaSFZ6TvPI9u,0.71,0.841,-7.082,0.0466,0.00542,1.56e-05,0.0712,0.942,127.989
Sexy People (The FIAT Song),Arianna,4X06LeyOO0NZoqOowDmp3a,0.708,0.79,-4.49,0.0544,0.015,3.22e-05,0.272,0.657,131.075
Shake Up Christmas,Train,1NghHeg0wE32eBYrQBVQXL,0.458,0.831,-2.187,0.0654,0.0031,0.0,0.337,0.572,81.531
Shambala,Three Dog Night,0P6fEgTn3cxLLyYTJYoYGj,0.551,0.62,-11.464,0.0348,0.64,0.00147,0.559,0.834,127.495
She Is Love,Parachute,2Dz5WpEWA0vhnMmEPYiZ2y,0.629,0.174,-9.697,0.141,0.616,0.0,0.118,0.305,134.295
She's A Rainbow,The Rolling Stones,61IBpJ6TymrEwd7bz3oPNp,0.472,0.75,-10.434,0.0371,0.415,0.0206,0.369,0.529,109.251
She's So High,Tal Bachman,7mnGQesk1TzQLzQ9bYWZPR,0.537,0.84,-4.626,0.0363,0.2,2.15e-06,0.0998,0.211,124.269
Shine,Take That,0HymmN4yq935nqPLMjKNit,0.581,0.852,-3.4,0.0372,0.0312,0.0,0.103,0.765,90.01
Short Shorts,The Royal Teens,2razPef7w7IoxNvG8plxsC,0.753,0.81,-12.342,0.0589,0.621,0.0328,0.0891,0.892,127.727
Shot In The Dark,AC/DC,6ZtrGCcn38kGImt2GPFbJB,0.599,0.787,-4.708,0.0338,2.07e-05,5.27e-05,0.064,0.822,114.065
Should I Stay or Should I Go,The Clash,39shmbIHICJ2Wxnk1fPSdz,0.743,0.836,-6.465,0.116,0.0804,0.0,0.384,0.82,113.375
Show Me Love,Hundred Waters,5PnBpKOVvQxeFvXVNYSoxs,0.418,0.794,-4.973,0.0816,0.08,0.0,0.329,0.178,129.434
Show Me What You Got,Jay-Z,1SlPhbS52PbNqqVCqGU12I,0.431,0.957,-0.982,0.26,0.0261,0.0,0.261,0.419,105.468
Singin' In The Rain,Gene Kelly,1ZEVSOFaWo6hWpuSsx1Xwr,0.271,0.249,-11.623,0.0396,0.98,0.0217,0.171,0.345,67.936
Sinnerman,Nina Simone,5xRP5iyVdGglqlY4Vcjhkx,0.436,0.543,-13.351,0.0962,0.654,9.35e-06,0.0937,0.663,148.282
Sirius,The Alan Parsons Project,4OV0sRTFrZLXaZZ1sS9hLn,0.624,0.396,-15.411,0.034,0.0647,0.909,0.113,0.0388,111.401
Skinnamarink,"Sharon, Lois & Bram",7kvRLCxTBWILHWiWRvgipl,0.651,0.189,-17.966,0.0536,0.888,0.00112,0.0807,0.436,106.248
Slave To The Rhythm,Michael Jackson,4h5KB1btt2aZBq9EJHmWF4,0.739,0.96,-2.293,0.0581,0.146,3.68e-05,0.38,0.722,125.02
Sleepyhead,Passion Pit,4prEPl61C8qZpeo3IkYSMl,0.568,0.719,-5.406,0.0354,0.0892,1.84e-06,0.233,0.539,106.036
Slow Hand,The Pointer Sisters,3fvDLsiTHPQNgzuMd3Mpb5,0.826,0.558,-7.766,0.0322,0.403,1.94e-05,0.0631,0.359,110.77
Smoke On The Water,Deep Purple,5SAUIWdZ04OxYfJFDchC7S,0.632,0.586,-11.333,0.0284,0.0983,0.581,0.0535,0.89,114.243
Smooth Sailing,Queens of the Stone Age,5fb0p81SAZBkZEvmLAfGKz,0.587,0.874,-3.597,0.0548,0.0546,0.000452,0.0511,0.469,95.012
So Alive,The Goo Goo Dolls,0Se1ajfYEa51gkPKV5UgLV,0.62,0.807,-5.526,0.032,0.00496,0.00243,0.162,0.529,75.979
Soak Up The Sun,Sheryl Crow,215JYyyUnrJ98NK3KEwu6d,0.717,0.733,-4.985,0.0427,0.0398,0.0,0.136,0.713,119.996
Somebody's Watching Me,Rockwell,6zAaM3FFUaUineZXXzJlVy,0.781,0.599,-6.348,0.0315,0.0355,0.000244,0.0917,0.854,124.112
Something,The Beatles,0pNeVovbiZHkulpGeOx1Gj,0.396,0.338,-10.872,0.0304,0.198,2.62e-06,0.138,0.377,133.522
Something In The Air,Thunderclap Newman,0emd9tHSVP4dK6UG4pcOFD,0.506,0.402,-11.743,0.0256,0.307,1.25e-05,0.0814,0.54,94.221
Something New,Axwell Ingrosso,5C4NMi4fPpdFPnMZVsyG8H,0.577,0.851,-3.975,0.0339,0.0197,0.000462,0.118,0.396,129.952
Somewhere Only We Know,Keane,0ll8uFnc0nANY35E0Lfxvg,0.453,0.655,-4.22,0.0259,0.0794,7.61e-06,0.0849,0.368,172.012
Somewhere Only We Know,Lily Allen,1mvfvDZOybiEgS1ecJxt9W,0.313,0.286,-10.593,0.0324,0.934,0.0451,0.0974,0.287,80.925
Son Of A Preacher Man,Dusty Springfield,7odHgoLFi3GQ90E9PeraI3,0.401,0.498,-10.682,0.0757,0.394,0.0,0.13,0.816,181.701
Song 2,Blur,1FTSo4v6BOZH9QxKc3MbVM,0.674,0.789,-6.903,0.0676,0.00178,0.0071,0.0754,0.918,129.804
Soul Survivor,Rita Ora,2M9DRvhorbm60uF6ygEaiv,0.427,0.383,-7.725,0.0326,0.591,0.0,0.0982,0.289,97.26
Sound & Color,Alabama Shakes,42Z8moYh30XOVffltDDUgK,0.548,0.412,-7.398,0.0736,0.852,0.611,0.0854,0.151,114.928
Space Oddity,David Bowie,72Z17vmmeQKAg8bptWvpVG,0.31,0.403,-13.664,0.0326,0.0726,9.27e-05,0.139,0.466,134.48
Spaceman,Babylon Zoo,0uQcP7QVoLvaFsORsdrgNh,0.46,0.873,-7.96,0.0602,0.0161,4.27e-05,0.255,0.485,146.247
Spirit In The Sky,Norman Greenbaum,0jvN7eQJJt4nxQzgQfZ1SP,0.609,0.617,-7.091,0.0307,0.0994,0.00404,0.118,0.543,128.903
Spread Your Love,Black Rebel Motorcycle Club,4mpAm83XX1iS63l8wmkEC6,0.415,0.901,-3.124,0.0428,0.00987,0.361,0.136,0.424,128.216
St. Elmos Fire (Man In Motion),John Parr,1A2PWRltFrX8iB8IP3CUgo,0.612,0.6,-10.945,0.0327,0.15,3.04e-06,0.222,0.471,111.203
Stacy's Mom,Fountains of Wayne,27L8sESb3KR79asDUBu8nW,0.774,0.75,-4.927,0.0412,0.00207,1.78e-05,0.0808,0.927,118.015
Stand By Me,Ben E. King,3SdTKo2uVsxFblQjpScoHy,0.65,0.306,-9.443,0.0393,0.57,7.07e-06,0.0707,0.605,118.068
Standing on the Sun,Beyoncé,7jpSvCrFev9EBb5RSmoRTa,0.354,0.808,-6.477,0.176,0.023,2.42e-05,0.259,0.397,195.956
Starman,David Bowie,0pQskrTITgmCMyr85tb9qq,0.486,0.449,-10.298,0.0267,0.166,2.23e-06,0.54,0.549,100.456
Start Me Up,The Rolling Stones,7HKez549fwJQDzx3zLjHKC,0.631,0.932,-4.142,0.0354,0.0436,0.137,0.0918,0.971,122.429
Stay Another Day,East 17,4wYCe9tSmUolNU4WmJKbZy,0.524,0.489,-7.828,0.0274,0.578,0.000624,0.186,0.443,127.768
Stompa,Serena Ryder,3zIEvMYvCM0jiszho8jaFH,0.668,0.809,-4.467,0.0373,0.129,3.9e-06,0.139,0.392,82.871
Strange and Beautiful (I'll Put a Spell on You),Aqualung,4CXYAsd8WrVbxvbJ4k22gy,0.644,0.19,-13.068,0.031,0.685,0.0902,0.0779,0.32,109.959
Strangers in the Night,Frank Sinatra,74VR3AkGPhbYXnxcOYa16x,0.259,0.473,-8.275,0.0295,0.592,0.0,0.201,0.539,90.348
Stranglehold,Ted Nugent,2f0P7iELCvAlV8j6Z3rGDE,0.484,0.711,-7.784,0.0331,0.0183,0.173,0.0941,0.49,148.189
Strawberry Letter 23,The Brothers Johnson,00kvKlIvfzQLSi6T2zwXuS,0.73,0.622,-11.7,0.0532,0.269,0.00874,0.111,0.752,90.973
Strong,Will Hoge,1TbUqVM91aM5hdXicZ5G6P,0.609,0.396,-10.461,0.0338,0.479,0.0,0.123,0.347,73.985
Stronger (What Doesn't Kill You),Kelly Clarkson,6D60klaHqbCl9ySc8VcRss,0.562,0.939,-4.282,0.0475,0.046,0.0,0.112,0.684,116.044
Style,Taylor Swift,4lIxdJw6W3Fg4vUIYCB0S5,0.598,0.786,-5.572,0.0382,0.00256,0.00143,0.117,0.456,95.021
Such Great Heights,The Postal Service,4G21jWo0Cm6lOIUNnZ2mUI,0.644,0.808,-7.268,0.0513,0.0467,0.187,0.0652,0.175,174.98
Sugar,Maroon 5,2iuZJX9X9P0GKaE93xcPjk,0.748,0.788,-7.055,0.0334,0.0591,0.0,0.0863,0.884,120.076
Sugar,Robin Schulz,5tf1VVWniHgryyumXyJM7w,0.636,0.815,-5.098,0.0581,0.0185,0.0,0.163,0.636,123.063
Sun Is Shining,Axwell Ingrosso,4b2tcjrG1qUkSdsqEFP2dB,0.467,0.757,-3.01,0.0517,0.0866,0.0,0.0742,0.383,131.993
Sunday Morning,The Velvet Underground,11607FzqoipskTsXrwEHnJ,0.506,0.442,-13.268,0.0276,0.0869,0.00239,0.0846,0.532,105.826
Sunglasses At Night,Corey Hart,1QbQL5m30YNvukitIqAnFG,0.686,0.609,-11.469,0.0444,0.258,0.00015,0.113,0.719,127.736
Sunshine,Tieks,3jbsz68DZXoqTlCz0n05xn,0.613,0.822,-3.995,0.0398,0.183,0.0,0.478,0.576,116.981
Sunshine Superman,Donovan,4RGxUjaCmVtD30pIhtEi7w,0.629,0.677,-7.239,0.0299,0.122,9.72e-06,0.0962,0.627,132.783
Surfin' Bird,The Trashmen,7EjyzZcbLxW7PaaLua9Ksb,0.564,0.959,-13.125,0.0697,0.0149,0.631,0.208,0.829,101.237
Swagger Jagger,Cher Lloyd,4WC1QKJvvYiVtMTI1KgkzS,0.661,0.84,-2.84,0.0969,0.0167,0.0,0.501,0.571,128.054
Sweat Shock,J. Roddy Walston & Business,4vtiMtq0oygiRCnKX1D7gg,0.493,0.95,-3.567,0.21,0.066,0.000329,0.0615,0.169,113.107
Sweet About Me,Gabriella Cilmi,0aeWFHCKwVoavQdpduyB1Q,0.667,0.714,-5.155,0.0288,0.0673,1.01e-06,0.0957,0.553,132.035
Sweet Child O' Mine,Taken by Trees,0uZqwjV40JTQ7KxU8a5GZR,0.545,0.488,-10.95,0.0282,0.75,0.336,0.0779,0.447,118.118
Sweet Dreams,Beyoncé,1FKxKGONukVFXWVJxAKmlz,0.694,0.825,-5.986,0.111,0.0895,1.86e-05,0.0618,0.788,121.949
Tainted Love,Soft Cell,58E1XVmZTODC67YNjneuXM,0.542,0.45,-9.931,0.0361,0.558,6.43e-06,0.579,0.626,144.437
Take Me,Paloma Faith,3MKDqBiMYQf1TXmP7VhO5Y,0.61,0.903,-3.9,0.327,0.422,0.0,0.152,0.651,100.978
Take Me to Church,Hozier,1CS7Sd1u5tWkstBhpssyjP,0.566,0.664,-5.303,0.0464,0.634,0.0,0.116,0.437,128.945
Take On Me,a-ha,2WfaOiMkCvy7F5fcp2zZ8L,0.573,0.902,-7.638,0.054,0.018,0.00125,0.0928,0.876,84.412
Take a Walk,Passion Pit,4Sfa7hdVkqlM8UW5LsSY3F,0.566,0.755,-5.526,0.0368,0.0338,0.0,0.315,0.445,101.006
Takin' Care Of Business,Bachman-Turner Overdrive,0lzNXoZINVBLHWNIxKxWOo,0.724,0.703,-14.007,0.0498,0.0488,2.69e-06,0.146,0.965,129.985
Tall Cool One,Robert Plant,6vejDalRlBqPrr7s3iwi9U,0.614,0.93,-4.977,0.0648,0.00515,0.00297,0.264,0.508,159.262
Tarzan Boy,Baltimora,273uCXd7NPrInaiNqtkOrA,0.684,0.573,-12.3,0.0261,0.318,0.028,0.306,0.716,107.363
Taxman,The Beatles,4BRkPBUxOYffM2QXVlq7aC,0.469,0.596,-8.348,0.0749,0.0101,0.0,0.321,0.783,133.586
Teach Your Children,"Crosby, Stills, Nash & Young",29HaKOpeLSYvqdFyEQSRdj,0.497,0.285,-14.537,0.0264,0.643,1.66e-05,0.389,0.667,154.7
Tell The World,Eric Hutchinson,0ifc4mq2mVNefgQFmtXQpt,0.669,0.854,-5.899,0.0431,0.0653,0.0,0.288,0.706,120.035
Tempted,Squeeze,5r2z0FHOoFI06GZEVGDjzM,0.729,0.356,-13.743,0.0347,0.0916,0.0905,0.052,0.392,95.026
Ten Feet Tall,Afrojack,2ldAdghnrO34HPcZ0IWfTu,0.523,0.861,-3.447,0.0644,0.0336,0.0,0.144,0.346,127.049
That's It (I'm Crazy),Sofi Tukker,3quo1L37ZrOXs35UjnwJ2L,0.798,0.543,-6.258,0.0495,0.0133,0.000468,0.147,0.532,115.094
That's My Girl,Fifth Harmony,2ACOWPLUe4A4KuQ5ioD2od,0.596,0.851,-4.245,0.121,0.0358,3.19e-05,0.365,0.612,202.049
That's The Way (I Like It),KC & The Sunshine Band,1qiQduM84A0VeH8Y2uAbqi,0.68,0.877,-10.241,0.0353,0.191,0.000656,0.349,0.922,108.674
The Ballad Of Jed Clampett,"Flatt, Scruggs",1Wf71eeA52D1hOtkh6g2Ga,0.525,0.494,-15.221,0.0378,0.185,0.00013,0.414,0.966,137.269
The Blood That Moves the Body,a-ha,49TbwpBDgLMIYVDhJs9Fru,0.714,0.474,-13.67,0.0352,0.00573,0.0308,0.0884,0.798,123.086
The Boys Are Back In Town,Thin Lizzy,43DeSV93pJPT4lCZaWZ6b1,0.445,0.706,-9.803,0.0461,0.234,0.000252,0.205,0.768,80.823
The Gambler,Kenny Rogers,5KqldkCunQ2rWxruMEtGh0,0.671,0.501,-13.119,0.0594,0.342,0.0,0.194,0.86,87.04
The Girl From Ipanema,"Stan Getz, Astrud Gilberto",3898C4AbdbptwYet6547e5,0.664,0.194,-15.487,0.0357,0.909,3.85e-05,0.0829,0.443,129.863
The Golden Age,The Asteroids Galaxy Tour,0iC9wa4ARcVk0oV1zXpwjv,0.567,0.916,-2.3,0.0547,0.13,1.19e-05,0.169,0.734,169.966
The Hippopotamus,Flanders & Swann,02bNtI8mb8gEw0xpxlyByG,0.63,0.415,-12.544,0.729,0.815,0.0,0.797,0.521,107.005
The Joke,Brandi Carlile,18k8IlS52uxRWObykDUZFG,0.236,0.578,-5.477,0.0404,0.327,0.00015,0.206,0.227,75.367
The Joker,Steve Miller Band,1bp2IO61zbQrbWNmKKxg3f,0.596,0.448,-9.616,0.0396,0.365,5.3e-06,0.206,0.796,83.293
The Look,Roxette,79LdvxXi5JYUjhnO7v9Fi3,0.634,0.838,-5.363,0.0413,0.0531,8.34e-06,0.0522,0.541,95.011
The Man,Aloe Blacc,2stPxcgjdSImK7Gizl8ZUN,0.308,0.769,-7.256,0.065,0.0331,0.0,0.214,0.488,81.853
The Middle,Zedd,09IStsImFySgyp0pIQdqAc,0.753,0.657,-3.061,0.0449,0.171,0.0,0.112,0.437,107.01
The Ones That Like Me,Brantley Gilbert,3I74lFPU8RE17EIfYz351J,0.437,0.834,-3.807,0.0404,0.0329,1.03e-06,0.383,0.436,154.053
The Payback,James Brown,5OcyX5eg7VrJuI833qOCUc,0.868,0.644,-10.987,0.194,0.159,0.00018,0.901,0.785,97.933
The Power Of Love,Gabrielle Aplin,17O2PjGN9JjxHweAvjjSa2,0.294,0.294,-9.848,0.0301,0.9,2.48e-05,0.103,0.18,75.217
The Rubberband Man,The Spinners,13Mzsb8VzRSZ5w3pM48cn6,0.801,0.446,-14.605,0.0735,0.74,0.038,0.0832,0.925,97.898
The Show,Lenka,1mHoqHeQClLBp5UO3TbUac,0.753,0.59,-4.144,0.0317,0.259,0.0,0.0836,0.593,123.028
The Snake,Al Wilson,3UMqQ1QTgvAj8FTQMoNPfk,0.548,0.464,-14.469,0.0414,0.361,0.0,0.107,0.925,148.191
The Sunnyside Of The Street,The Pogues,1gyCtXIRuolBdRe4bVVF1u,0.458,0.752,-10.64,0.0387,0.0161,0.000126,0.399,0.558,168.818
The Thieving Magpie Overture,Gioachino Rossini,5o4pgCR3JIeIbzwqBfjmtn,0.304,0.157,-20.845,0.0524,0.832,0.357,0.119,0.43,159.452
The Times They Are A-Changin',Bob Dylan,52vA3CYKZqZVdQnzRrdZt6,0.389,0.396,-7.999,0.0332,0.887,0.0,0.0828,0.585,171.86
The Universal,Blur,0qmCWYu7hOvriyuqXfPw7I,0.317,0.571,-7.669,0.0283,0.158,2.95e-06,0.0848,0.234,163.036
The Way That I Live,Ed Harcourt,19T698G544tvThBY8HmEKM,0.218,0.457,-6.898,0.0298,0.868,0.00173,0.0908,0.234,85.089
The Way You Look Tonight,Fred Astaire,1ndRc8gZMyybqhTMhZjPot,0.453,0.159,-11.474,0.0302,0.991,0.342,0.0869,0.18,75.682
The Yeah Yeah Yeah Song,The Flaming Lips,2mlIzqDE7RaMaMx1UPdsXL,0.636,0.887,-4.354,0.0475,0.00257,5.18e-05,0.293,0.35,107.984
Theme From Harry's Game,Clannad,2hcxPnu5RljXH0eMOtctuF,0.205,0.255,-13.78,0.0341,0.952,0.0192,0.115,0.0377,68.685
Theme From Mission: Impossible,Lalo Schifrin,1XnzC28Z5QSglwHBDvGTtN,0.617,0.806,-7.003,0.0273,0.0945,0.901,0.0879,0.774,91.051
There is a Mountain,Donovan,4cOt4yXLpE0i24ZudX8qFC,0.677,0.721,-8.2,0.216,0.697,0.0,0.158,0.917,87.181
These Boots Are Made For Walkin',Nancy Sinatra,2nwCO1PqpvyoFIvq3Vrj8N,0.74,0.392,-11.996,0.0824,0.483,1.11e-06,0.0965,0.387,82.742
Thick As A Brick,Jethro Tull,0eufeeCADKlpxLA7HATWBW,0.435,0.466,-10.856,0.0557,0.158,0.00315,0.132,0.646,92.516
Think,Aretha Franklin,4yQw7FR9lcvL6RHtegbJBh,0.687,0.63,-10.817,0.0389,0.251,0.0,0.221,0.926,110.051
This Is Me,Keala Settle,45aBsnKRWUzhwbcqOJLwfe,0.284,0.704,-7.276,0.186,0.00583,0.000115,0.0424,0.1,191.702
This Land Is Your Land,Woody Guthrie,3ZjrfGcb3A2PMGA1vRNgSk,0.606,0.0977,-15.668,0.0451,0.962,0.00148,0.126,0.551,105.593
This Will Be (An Everlasting Love),Natalie Cole,0PDCewmZCp0P5s00bptcdd,0.685,0.623,-11.146,0.042,0.228,0.00234,0.0295,0.896,126.739
Three Little Birds,Bob Marley & the Wailers,6A9mKXlFRPMPem6ygQSt7z,0.814,0.482,-10.493,0.0588,0.0111,1.57e-06,0.0476,0.615,148.404
Thriller,Michael Jackson,7azo4rpSUh8nXgtonC6Pkq,0.764,0.887,-3.726,0.0744,0.0816,0.00011,0.847,0.72,118.427
Thunder,Imagine Dragons,1zB4vmk8tFRmM9UULNzbLB,0.605,0.822,-4.833,0.0438,0.00671,0.134,0.147,0.288,167.997
Thunderclouds,LSD,4lJNen4SMTIJMahALc3DcB,0.69,0.714,-5.948,0.0338,0.0077,7.23e-05,0.191,0.489,112.009
Thunderstruck,AC/DC,57bgtoPSgt236HzfBOd8kj,0.502,0.89,-5.175,0.0364,0.000147,0.0117,0.217,0.259,133.52
Tighten Up,The Black Keys,2MVwrvjmcdt4MsYYLCYMt8,0.504,0.705,-6.179,0.0665,0.00121,4.12e-06,0.453,0.567,108.965
Time After Time,Cyndi Lauper,7o9uu2GDtVDr9nsR7ZRN73,0.726,0.449,-9.206,0.0286,0.487,1.34e-06,0.0824,0.294,130.388
Time In A Bottle,Jim Croce,561F1zqRwGPCTMRsLsXVtL,0.544,0.265,-11.952,0.035,0.848,0.0,0.196,0.7,133.837
Time Of The Season,The Zombies,5AJrhrwz4oSZX2PwwV4qrN,0.537,0.7,-6.852,0.0366,0.142,1.58e-06,0.383,0.695,117.111
Times Of Your Life,Paul Anka,3AdX0KdVoMBqe82b19rWAU,0.391,0.441,-9.876,0.0267,0.573,0.0,0.0665,0.513,76.524
To Live And Die In L.A.,Wang Chung,484UGDCYPabFJ7JqhmU6RN,0.745,0.498,-12.887,0.0322,0.183,0.16,0.285,0.763,106.993
To Love Somebody,Bee Gees,0mbS3VwRbO6HVBMPXnzOGA,0.423,0.384,-12.503,0.0315,0.729,4.11e-06,0.27,0.521,90.43
Tongue Tied,Grouplove,0GO8y8jQk1PkHzS31d699N,0.56,0.936,-5.835,0.0439,0.00847,0.0,0.161,0.371,112.96
Tonight is The Night,Outasight,0tr0D36L1RwPdUTFfyNq37,0.625,0.786,-3.814,0.0465,0.0343,1.05e-06,0.202,0.537,119.982
"Tonight, Tonight, Tonight",Genesis,3qmYlsTbC9CD9SGoVmaEDa,0.571,0.502,-14.405,0.0303,0.0158,0.014,0.0849,0.316,98.058
Too Close,Alex Clare,4sK96UnGx3NjBaqvfTG2dm,0.584,0.712,-4.311,0.0395,0.0112,1.05e-06,0.114,0.286,126.043
Total Eclipse Of The Heart,Bonnie Tyler,7wuJGgpTNzbUyn26IOY6rj,0.431,0.723,-5.887,0.056,0.145,0.0,0.375,0.189,130.547
Touch,Natasha Bedingfield,0dymxo2LSNSMvs6n2PVe90,0.733,0.844,-4.078,0.0343,0.0625,0.0,0.154,0.385,124.078
Toyland,Doris Day,1vrZjaOYLsl6sQMDSqfqlk,0.217,0.0993,-20.726,0.0374,0.96,0.0173,0.0932,0.0735,124.772
Trampoline,Shaed,0lsRatBUs9HNIZAmoGABzk,0.689,0.412,-7.523,0.0301,0.488,0.00016,0.0659,0.537,126.754
Treat Myself,Meghan Trainor,64BWkOjyNcmXoWH0b0Wq4R,0.689,0.684,-4.561,0.0463,0.00284,0.0,0.758,0.692,107.989
Trouble,Ray LaMontagne,5aGkIyzLVYGuLIHkxpNAFF,0.325,0.424,-12.733,0.0438,0.341,0.000267,0.23,0.494,173.352
True Colors,Cyndi Lauper,2A6yzRGMgSQCUapR2ptm6A,0.397,0.207,-13.155,0.0331,0.701,3.07e-05,0.116,0.268,171.282
Try A Little Tenderness,Otis Redding,36AlMHDBFwSsD3FQOy1R81,0.587,0.133,-15.151,0.0565,0.186,2.26e-05,0.258,0.068,102.938
Turn Down For What,DJ Snake,67awxiNHNyjMXhVgsHuIrs,0.818,0.799,-4.1,0.156,0.00107,0.128,0.057,0.0815,100.014
Two Princes,Spin Doctors,4ePP9So5xRzspjLFVVbj90,0.543,0.912,-10.71,0.0601,0.00162,2.1e-06,0.0565,0.836,103.731
Two Tickets To Paradise,Eddie Money,22CIOfLZB9z8He7WgHYAgH,0.623,0.68,-13.255,0.0282,0.0056,0.000425,0.148,0.737,129.713
Under The Milky Way,The Church,1RCtHLyq1xIbgGMrYRrKJ2,0.578,0.583,-13.416,0.0269,0.0548,0.199,0.125,0.519,135.986
Underdog,Kasabian,3PbsDnKdrZY0ttX7VE9s5R,0.526,0.895,-5.407,0.0543,0.0603,1.3e-06,0.582,0.655,101.016
Unstoppable,Sia,1yvMUkIOTeUNtNWlWRgANS,0.468,0.779,-4.839,0.0779,0.112,0.000373,0.101,0.26,173.799
Up All Night,Beck,28AgTOIZke8nitD0NNeb3G,0.635,0.909,-4.796,0.0553,0.00384,0.0852,0.239,0.639,110.005
Upside Down,Diana Ross,3pbtBomO4Zt5gGiqsYeiBH,0.873,0.855,-8.559,0.0615,0.179,0.0285,0.0377,0.884,107.868
Venus In Furs,The Velvet Underground,29engDqjmMr3VLqMm0c0WE,0.225,0.618,-9.922,0.0331,0.00137,0.616,0.079,0.567,144.724
Vida 23,Pitbull,0WBXUygFFQA6UEIVMwpMIA,0.768,0.799,-9.19,0.445,0.0159,2.16e-05,0.0569,0.266,127.941
Viva La Vida,Coldplay,3Fcfwhm8oRrBvBZ8KGhtea,0.486,0.617,-7.115,0.0287,0.0954,3.23e-06,0.109,0.417,138.015
Viva Las Vegas,Elvis Presley,5Q7ayTarb9Tpmkik5cVMug,0.608,0.567,-11.297,0.0445,0.819,0.0,0.344,0.861,144.034
Volunteers,Jefferson Airplane,7pTL00cPeIGhvVNlq5qP0k,0.501,0.825,-7.503,0.0346,0.505,2.2e-05,0.361,0.814,106.923
Waiting Game,Banks,27mT3JdR3sRJyiMBFHdhB4,0.334,0.397,-10.313,0.0328,0.658,0.00014,0.136,0.225,129.127
Walking In Memphis,Marc Cohn,5fgkjhICZnqFctrV0AyuQD,0.567,0.512,-8.831,0.0357,0.545,0.0,0.296,0.334,130.271
Walking On A Dream,Empire of the Sun,5r5cp9IpziiIsR6b93vcnQ,0.871,0.701,-5.594,0.0458,0.257,7.52e-06,0.0589,0.716,126.975
Warm This Winter,Gabriella Cilmi,3BfYDQC9SKBN1QCWVGb7C4,0.568,0.928,-4.044,0.111,0.208,0.0,0.155,0.669,169.91
Wasteland,The View,7fAlAJ7bd09SqeOR8txwwZ,0.424,0.967,-3.688,0.148,0.000155,0.0,0.305,0.676,180.974
Watch Out,2 Chainz,22DKsoYFV5npPXmnPpXL7i,0.899,0.504,-6.758,0.5,0.826,0.0,0.052,0.537,129.89
Way Down We Go,Kaleo,0y1QJc3SJVPKJ1OvFmFqe6,0.489,0.505,-8.022,0.117,0.579,0.000333,0.104,0.337,163.255
We Are Family,Sister Sledge,5IKLwqBQG6KU6MP2zP80Nu,0.784,0.893,-5.153,0.0923,0.3,1.57e-05,0.272,0.819,118.738
We Are The Champions,Queen,7ccI9cStQbQdystvc6TvxD,0.268,0.459,-6.948,0.0346,0.378,0.0,0.119,0.172,64.223
We Are Young,Fun.,7a86XRg84qjasly9f6bPSD,0.378,0.638,-5.576,0.075,0.02,7.66e-05,0.0849,0.735,184.086
We Belong,Pat Benatar,665Jxlgi1HamPKbW1vwzx4,0.706,0.322,-14.108,0.0467,0.528,2.37e-06,0.576,0.305,135.154
We Built This City,Starship,6OnfBiiSc9RGKiBKKtZXgQ,0.661,0.908,-4.897,0.039,0.052,0.0,0.0708,0.656,144.091
We Can Work It Out,The Beatles,1hTUFqJuQAMjXVGwUPWDqi,0.378,0.677,-8.63,0.0298,0.0635,0.0,0.183,0.648,106.071
We Like To Party! (The Vengabus),Vengaboys,77j9HOrxUpWcjwra9jgvio,0.785,0.931,-4.813,0.0465,0.0148,0.637,0.0459,0.969,135.986
We Might Be Dead by Tomorrow,Soko,4miKDdaWW78mKwx6TIvOa0,0.39,0.151,-16.492,0.0389,0.966,0.000897,0.119,0.0827,143.421
We Owned The Night,Lady A,7BSZJLXPTktuZZAe8VYbbF,0.657,0.714,-6.965,0.0273,0.281,0.000145,0.0838,0.488,99.991
We'll Be Together,Sting,7aQru4HvzvcA2xQVv0g0mB,0.842,0.693,-9.85,0.0432,0.114,0.0,0.0691,0.926,116.456
We've Only Just Begun,Carpenters,3m167vBQI5YLK0a1m6L6Y1,0.376,0.321,-11.771,0.0297,0.771,3.34e-06,0.103,0.3,86.562
Welcome To My Life,Empire of the Sun,5nYJgmQzRcPnvqLzoRycUQ,0.582,0.878,-4.527,0.129,0.0724,4.99e-06,0.0801,0.407,128.045
Welcome To The Jungle,Guns N' Roses,0G21yYKMZoHa30cYVi1iA8,0.453,0.987,-4.485,0.0889,0.0195,0.283,0.268,0.316,123.544
What A Wonderful World,Louis Armstrong,1qCQTy0fTXerET4x8VHyr9,0.399,0.258,-16.028,0.033,0.792,1.86e-06,0.128,0.192,108.174
What Are You Doing The Rest Of Your Life?,Dusty Springfield,22xRvEw670gmjaT7p2d1ZR,0.274,0.138,-15.464,0.0317,0.969,0.00325,0.277,0.141,84.454
What Have They Done to My Song Ma,Melanie,2fCkZjNllDCA2bxTUacBZW,0.381,0.0919,-21.96,0.0374,0.828,0.0,0.105,0.573,141.495
What I Like About You,The Romantics,6NdcSEhpGGAYXNnnhGS2s6,0.542,0.915,-9.637,0.0549,0.319,5.34e-05,0.171,0.92,159.81
What Is Love,Haddaway,2IHaGyfxNoFPLJnaEg4GTs,0.683,0.772,-7.907,0.0311,0.0222,0.0149,0.203,0.737,123.871
What You Won't Do for Love,Bobby Caldwell,7dL8FCLzEaWC2A3qWQuz1q,0.642,0.397,-16.842,0.0639,0.461,0.000834,0.106,0.798,84.064
When A Man Loves A Woman,Percy Sledge,51FpzuGkRYXFgsE2zXt9av,0.516,0.15,-20.41,0.0272,0.13,0.0755,0.122,0.205,97.398
When I'm Small,Phantogram,21nf6u3sQbfViHX7wNZmhK,0.646,0.758,-4.34,0.0314,0.191,0.097,0.103,0.424,91.998
When I'm Small,Phantogram,0PERS23jNsjcjBywXLvpyc,0.646,0.758,-4.34,0.0314,0.191,0.097,0.103,0.424,91.998
Where Everybody Knows Your Name,Gary Portnoy,2uE8l7sar0JT0tZYhrPz8S,0.425,0.462,-9.91,0.0275,0.442,0.0,0.631,0.36,91.697
Wherever You Will Go,The Calling,5QpaGzWp0hwB5faV8dkbAz,0.558,0.719,-5.113,0.0267,0.0367,0.0,0.115,0.371,112.027
Whip It,Devo,4sscDOZCkbLSlDqcCgUJnX,0.78,0.869,-7.255,0.0517,0.0744,0.004,0.0621,0.957,157.902
Whistle While You Work,Adriana Caselotti,1ai54RVIzu7IKebNbPEwMv,0.459,0.349,-11.557,0.045,0.799,0.27,0.127,0.805,206.662
White Room,Cream,3Xls4cNOwy01dtrNXb1inG,0.553,0.576,-13.458,0.0304,0.191,0.00664,0.0365,0.457,109.827
Who Needs You,The Orwells,2x4F1O1fGO6yj860N2Or0N,0.3,0.88,-4.573,0.0465,1.37e-05,0.0273,0.0746,0.563,207.92
Who Says You Can't Go Home,Bon Jovi,5439qJTu5mVH9aeriwp03u,0.537,0.885,-3.641,0.0343,0.0437,0.0,0.274,0.802,131.698
Why Can't We Be Friends,War,6x959m2QDvatSwUAVCHIuf,0.776,0.68,-10.088,0.0389,0.179,0.0,0.483,0.962,92.481
Wild Thing,The Troggs,7jGzYUZ2Bgg8BDfYlQRfn8,0.453,0.658,-13.472,0.0539,0.741,0.0288,0.135,0.761,203.871
Wildest Moments,Jessie Ware,2QPuWjnOa6N5p8fGn3iGly,0.564,0.772,-6.83,0.0503,0.21,0.098,0.445,0.483,82.992
Wing$,Macklemore & Ryan Lewis,5n5uyFpfopa4mNdSN0gTaH,0.4,0.602,-6.988,0.197,0.353,0.0,0.191,0.0964,74.142
Wings,Birdy,1D4XFKolp63mNqqMXJJL1V,0.474,0.707,-4.534,0.0253,0.0831,0.0,0.162,0.224,83.235
Wipe Out,The Surfaris,4anUinKv803lyDD1vaSXhU,0.336,0.636,-13.785,0.0374,0.385,0.909,0.414,0.521,152.423
Wish I Knew You,The Revivalists,2EWpa5XnAuSn0sIkSSIhYk,0.649,0.718,-6.593,0.0261,0.142,0.0713,0.124,0.718,101.034
Wishing On A Star,Rose Royce,0u2CGItUO2jYEiFaXD7n5S,0.333,0.422,-15.171,0.0527,0.716,4.13e-05,0.0455,0.553,97.305
Without You,Nilsson,6MrILERJLA3Jcq0E9poZsp,0.392,0.185,-15.472,0.0285,0.612,2.89e-06,0.0695,0.145,64.933
Wizards in Winter,Trans-Siberian Orchestra,3dvhNq0P4rNaFqmj21jKF5,0.681,0.839,-7.067,0.0306,0.0477,0.862,0.15,0.919,148.39
Won't Get Fooled Again,The Who,1W1GpfPujmgp2vQqcpUhtU,0.702,0.841,-9.837,0.045,0.256,0.235,0.0584,0.271,134.919
Wonderful Life,Black,0IWtEFQBwRHaMXZQtGEVcM,0.72,0.521,-12.468,0.0302,0.705,0.36,0.214,0.823,106.055
Wonderful World,Sam Cooke,5SKXlfKfhNUyJ3GkpI0ELJ,0.675,0.554,-8.388,0.031,0.693,0.0,0.408,0.887,128.529
Working Man,Rush,1gkn90ExKRNAOlhDs4RoW0,0.202,0.835,-11.04,0.0599,0.00383,0.0388,0.126,0.661,156.883
Wouldn't It Be Nice,The Beach Boys,2Gy7qnDwt8Z3MNxqat4CsK,0.392,0.629,-7.056,0.0335,0.718,3.76e-06,0.129,0.72,124.511
Wow,Beck,1rEkUEBFYEtqDLYaTuElsx,0.627,0.643,-6.086,0.0336,0.0135,0.0154,0.111,0.466,92.006
Wraith Pinned To The Mist And Other Games,Of Montreal,24HPkbkXJsIFC4eyg63zgQ,0.873,0.582,-9.901,0.047,0.0282,0.0699,0.182,0.77,122.005
Y.M.C.A.,Village People,4YOJFyjqh8eAcbKFfv88mV,0.75,0.785,-10.926,0.0591,0.0278,0.0,0.0601,0.752,126.361
Yeah Yeah,Willy Moon,6iBkx4s2K6bnV1FnOnS2Ue,0.645,0.935,-2.749,0.0572,0.0592,9.53e-06,0.296,0.43,107.003
Yeah Yeah Yeah La La La,Calvin Harris,0o4fP70aLM3bLiAus2Ih8G,0.875,0.481,-4.912,0.0673,0.0723,3.85e-05,0.252,0.812,128.987
"Yeh, Yeh",Georgie Fame,1PYpdnXFzFO4VM5K8G4PCu,0.633,0.535,-9.383,0.0742,0.285,0.0,0.0976,0.638,89.103
Yellow,Coldplay,3AJwUDP919kvQ9QcozQPxg,0.429,0.661,-7.227,0.0281,0.00239,0.000121,0.234,0.285,173.372
You Ain't Alone,Alabama Shakes,6ztmULOCCXDLtuixz29GYz,0.434,0.491,-5.991,0.0343,0.789,0.0567,0.114,0.343,118.44
You Always Make Me Smile,Kyle Andrews,2kQ9mHVRCSNBjP9lNsAOLc,0.637,0.924,-4.476,0.0375,0.0283,1.08e-06,0.344,0.64,107.52
You Don't Own Me,Grace,6KI1ZpZWYAJLvmVhCJz65G,0.332,0.635,-5.653,0.0898,0.159,2.79e-06,0.0599,0.261,186.249
You Give A Little Love,Paul Williams,69XnaNHFaYiND63w3tUoga,0.535,0.579,-11.918,0.0583,0.57,6.2e-05,0.12,0.555,109.536
You Know You Like It,AlunaGeorge,7K6J5sDjzyON20FjMCW92Z,0.738,0.69,-6.585,0.126,0.125,7.47e-05,0.355,0.388,92.016
You Make My Dreams (Come True),Daryl Hall & John Oates,4o6BgsqLIBViaGVbx5rbRk,0.751,0.501,-12.151,0.0551,0.234,0.112,0.0467,0.902,167.057
You Really Got Me,Van Halen,0upLyFR8Rr52ZpMp5esQoq,0.454,0.946,-5.978,0.13,0.0223,0.0,0.173,0.647,138.18
You Sexy Thing,Hot Chocolate,714hERk9U1W8FMYkoC83CO,0.791,0.734,-5.464,0.0629,0.522,0.00165,0.167,0.962,105.854
You'll Always Find Me In The Kitchen At Parties,Jona Lewie,4ZHPfdvTgCDGIeP8fAUVpG,0.581,0.495,-10.233,0.0434,0.62,0.0205,0.157,0.532,92.846
You're Nobody Till Somebody Loves You,Dean Martin,2Q9gMRzQF3PTuJ3dCVVwmx,0.464,0.478,-11.331,0.037,0.811,0.0,0.667,0.409,109.055
You're Somebody Else,Flora Cash,0pdKRp2sUthTPe7RLWpPqQ,0.713,0.452,-9.638,0.0295,0.841,0.0038,0.105,0.235,102.963
"You're the First, the Last, My Everything",Barry White,3rqXP37YkEnizabzjM7uIu,0.631,0.59,-12.138,0.0297,0.00367,0.00299,0.0537,0.927,130.145
Young At Heart,The Bluebells,5PwWIKBztoHDVAVcL3IH2X,0.654,0.773,-9.689,0.0371,0.0574,0.00125,0.316,0.904,114.857
Young Folks,Peter Bjorn and John,6M6UoxIPn4NOWW0x7JPRfv,0.701,0.815,-5.995,0.0381,0.0174,0.000627,0.0969,0.671,138.142
Your Song,Elton John,38zsOOcu31XbbYj9BIPUF1,0.554,0.315,-11.028,0.0298,0.828,5.53e-06,0.101,0.325,128.157
Your Touch,Blake Lewis,5ZYzaROQcMP8xRqS1IFbvg,0.61,0.653,-7.28,0.0542,0.0118,1.3e-06,0.0751,0.436,134.941
Youth,Foxes,46F2qArLwz8WT1qJ2bNRfR,0.53,0.55,-6.631,0.0457,0.00747,0.000492,0.0898,0.208,139.98
