TITLE,ARTIST,ID
(Sittin' On) The Dock Of The Bay,Otis Redding,3zBhihYUHBmGd2bcQIobrF
(Something Inside) So Strong,Labi Siffre,2z8PSS00q39tUuVjYfTO67
1234,Feist,2CzWeyC9zlDpIOZPUUKrBW
1812 Overture,Pyotr Ilyich Tchaikovsky,4t8S0cAnJQhrcLJ8TbUH7G
1901,Phoenix,3FM33HqRlV7J1QJoPOnd2u
22,Taylor Swift,3bIxTsfeNMO7Nt2J3EUKrA
24K Magic,Bruno Mars,6b8Be6ljOzmkOmFslEb23P
7 Rings,Ariana Grande,6ocbgoVGwYJhOv1GgI9NsF
88 Lines About 44 Women,The Nails,6YSF0u64K0xreRh1uOJuPw
A Little Love,Celeste,7eTonpb9lXgerPaW6I1VnP
A Nice Cup Of Tea,Binnie Hale,5n4mnUBPGPH6N81g9pI6NH
A Sign Of The Times,Petula Clark,6EdGkH1mk7dKIgc3CKgo7F
AKA...What A Life!,Noel Gallagher's High Flying Birds,5mljJfOTZR3nF4ExmRLTjv
Adiemus,Karl Jenkins,54CAG8n70kKVbFV6l1zF4G
Africa,Toto,2374M0fQpWi3dLnB54qaLX
After Light,Rustie,5yrHZWuyrOrc4iWnDevono
After Midnight,Eric Clapton,27mdmXNcO0gNpXlrWi9DPZ
Ain't Nothing Like The Real Thing,Marvin Gaye & Tammi Terrell,3UbNeYyyTnDhYU37Q3w2Jy
Ain't That A Shame,Fats Domino,4ZfQwNx3FlCN07cnUvekh3
Air on a G String,Johann Sebastian Bach,4cJQmBaioAZrtsAtulYZ6f
Ali in the Jungle,The Hours,3kr2i1P9eQZitASv83V8zh
Alison,Elvis Costello,1v98rfd0an913AzHvMNG8a
All Around The World,Oasis,6ZYgoD3c2aE4dD3yVFWV51
All By Myself,Eric Carmen,0AQqrtK1pULuwZUXhwaaDz
All Goes Wrong,Chase & Status,4pfu1lEKJhRGTQf64cQPXd
All Right Now,Free,1gcESexgftSuLuML57Y69q
All Star,Smash Mouth,3cfOd4CMv2snFaKAnMdnvK
All Together Now,The Beatles,2ck8lFrYAch2GPtdhpTHe3
All You Need Is Love,The Beatles,68BTFws92cRztMS1oQ7Ewj
All of the Lights,Kanye West,22L7bfCiAkJo5xGSQgmiIO
Always On My Mind,Willie Nelson,2xYQTU2bbg6WVAmpY1eae4
Am I Wrong,Anderson .Paak,1UjyF6okUHhnVxaLV8ojsA
American Woman,The Guess Who,3LQPTJEqOfljGBxmpgUnoC
Angel,Sarah McLachlan,3xZMPZQYETEn4hjor3TR1A
Animals,Maroon 5,2bL2gyO6kBdLkNSkxXNh6x
"Another Girl, Another Planet",The Only Ones,5TmQl8urbTlfZb8xKisSl0
Another One Bites The Dust,Queen,57JVGBtBLCfHw2muk5416J
Anticipation,Carly Simon,0rLRrCTqWVMgv1DpMBSezw
Any Way You Want It,Journey,71SvEDmsOwIWw1IozsZoMA
Anything Could Happen,Ellie Goulding,7C7yqFTM0ncyJ04GIKrxdV
Applause,Lady Gaga,5ka2ajep9OAvU5Sgduhiex
Are You Gonna Be My Girl,Jet,305WCRhhS10XUcH6AEwZk6
Are You Ready?,United Nations of Sound,6H4Y6O0KaHjUihdZIeYo1E
Aria,Yanni,4dGKKxPAhlFWMVoSPue3je
Around The Bend,The Asteroids Galaxy Tour,4tdGyzQ3WqygwxOEpbQ8eo
At The River,Groove Armada,0KIPa0YuQ5QFmlAqRyXNd9
Awake,Godsmack,6xXlurslWqFuyqTCBlErzX
Baba O'Riley,The Who,3qiyyUfYe7CRYLucrPmulD
Baby Come Back,Player,2eRYuzlSOBk3HlMsCSOLPJ
Back To Life (However Do You Want Me),Soul II Soul,7ELuWpsuVCRBnOR9ZAZKDp
Bad Case of Loving You,Robert Palmer,75zVpdjXwmy6SLr2hDnJYo
Bang The Drum All Day,Todd Rundgren,54EvqHberbpzMu7nu8hs9S
Bang!,AJR,0m7TguDgLue2LCaDF7B4qx
Be My Baby,The Ronettes,2G2YzndIA6jeWFPBXhUjh5
Beautiful Day,Joshua Radin,1aMvViuAn7i8gRapm8C0p8
Beautiful World,Devo,4oxqiNsFxFEJzUf8P5nJmc
Believer,Imagine Dragons,0pqnGHJpmpxLKifKRmU6WP
Best Day of My Life,American Authors,5Hroj5K7vLpIG4FNCRIjbP
Best Friend,Sofi Tukker,1zEhH5BmSpKi1mRSIfBDOq
Better,Guns N' Roses,3nW5v0Htr1ySk8czTJIA2V
Better Now,Collective Soul,0xqcypl9a1proZeZLmMJMN
Beyond The Sea,Bobby Darin,3KzgdYUlqV6TOG7JCmx2Wg
Billie Jean,Michael Jackson,5ChkMS8OtdzJeqyybCc9R5
Bitter Sweet Symphony,The Verve,57iDDD9N9tTWe75x6qhStw
Black Dog,Led Zeppelin,3qT4bUD1MaWpGrTwcvguhb
Black Sheep,Gin Wigmore,7cGr5XY2pfj9b4UngCktG0
Blame It On The Bossa Nova,Eydie Gormé,1vOsIiq80fcYONCUEBbzHu
Blinding Lights,The Weeknd,0VjIjW4GlUZAMYd2vXMi3b
Blister In The Sun,Violent Femmes,2ugghimAssmeO3YpFIV7mb
Blow Your Mind (Mwah),Dua Lipa,7kJlTKjNZVT26iwiDUVhRm
Blowin' In The Wind,Bob Dylan,18GiV1BaXzPVYpp9rmOg0E
Blue Monday,New Order,6hHc7Pks7wtBIW8Z6A0iFq
Blurred Lines,Robin Thicke,0n4bITAu0Y0nigrz3MFJMb
Bohemian Like You,The Dandy Warhols,0yEhNqCwEfy8LHUmnZoHpP
Bom Bom,Antonio Sorgentone,0S4MhVxpmXTpbd3vnj881g
Bom Bom,Sam and the Womp,0d5f6gzzW1Pgx9uJsLrSDP
Boom Boom,John Lee Hooker,2Mr1bGI2E10K7Mt1UJZ6Mw
Boombastic,Shaggy,4fxF8ljwryMZX5c9EKrLFE
Born to be Alive,Patrick Hernandez,3XIEWK1V9n25PS9Vb6axj5
Bottle It Up,Sara Bareilles,3kfHdr2sYF2EeWEmBHquVj
Bounce Back,Big Sean,0SGkqnVQo9KPytSri1H6cF
Brave,Sara Bareilles,6Uy6K3KdmUdAfelUp0SeXn
Break My Stride,Matthew Wilder,1mCsF9Tw4AkIZOjvZbZZdT
Breaking the Law,Judas Priest,2RaA6kIcvomt77qlIgGhCT
Bruises,Chairlift,4mdyVTV7Tr5YDFnD2kvSM4
Bust A Move,Young MC,3IeCYkdKI55mNMl2o4vX0k
Bye Bye Bye,*NSYNC,62bOmKYxYg7dhrC6gH9vFn
C'Mon Everybody,Eddie Cochran,7ItZM6DMZE2m1X7yIaRxjq
California King Bed,Rihanna,1NpDnkQO0yWxTtntrC0UNz
California Sun,The Rivieras,6qpTh8eRZ4wPycoRZvbWnd
Can You Dig It?,The Mock Turtles,1qrVwgQAatH3xRFtw4XZ8j
Can't Get Enough of You Baby,Smash Mouth,0UVIXwqfTjefBbDyY60MWB
Can't Help Falling In Love,Elvis Presley,44AyOl4qVkzS48vBsbNXaC
Can't Hold Us,Macklemore & Ryan Lewis,3bidbhpOYeV4knp8AIu8Xn
Can't Stop Loving You,Phil Collins,2W6PNGCN4PGwPMf1jYazL4
Cannonball,The Breeders,1KdwPeY1WRWQGHCmRJTveb
Carried Away,Passion Pit,52a6VcF23v5HB7KfDEmBHq
Cars,Gary Numan,4QQEzkxcONBthDLfzqIh9S
Cat's In The Cradle,Harry Chapin,2obblQ6tcePeOEVJV6nEGD
Catch The Wind,Donovan,6aXKbU2QGsOms8UT3eUOg1
Catch Us If You Can,The Dave Clark Five,7d91GO9HafgZuRUA2NjLTj
Centuries,Fall Out Boy,04aAxqtGp5pv12UXAg4pkq
Cha Cha Slide,DJ Casper,3Xv5C02Wxlek0dmrYAM5A8
Chandelier,Sia,2s1sdSqGcKxpPr5lCl7jAV
Citizen/Soldier,3 Doors Down,7fKsaiVDwKe6VVsiGk48YG
Civilization,Justice,3cn4e9MRXiUmDqTioimYBp
Coffee Song,Osibisa,6dc2uxZoxKpCt5DJOftQ7Y
Colour My World,Petula Clark,1z3IIdFTZBDue4IKuTcGBs
Come And Get It,John Newman,161nSMdnYYUTEOhipcA7JF
Come Back To Me,HollySiz,0HFoJSIbneK6QWLnPJjML2
Come From The Heart,Kathy Mattea,0RN6oIGaWPokIn7T8s4KcP
Come On Get It,Lenny Kravitz,34fFaNqCx05Q0znMhBgFIi
Come Out and Play,Billie Eilish,7wC5eZcFS1Q1BsQ35DU6H4
Come Together,The Beatles,2EqlS6tkEnglzr7tkKAAYD
Coming Home,Diddy Dirty Money,6Iocm6VMu6bVNYwiDoyQFW
Coming Home,Leon Bridges,65GbQI9VDTs7vo6MJL2iJA
Connection,OneRepublic,3T4UodGkfZObJ43RtA5KFU
Count On Me,Bruno Mars,7l1qvxWjxcKpB9PCtBuTbU
Counting Stars,OneRepublic,6sy3LkhNFjJWlaeSMNwQ62
Country Song,Jake Bugg,0XY9YAtkp5GXMuFdkZk8Xp
Crazy Train,Ozzy Osbourne,7ACxUo21jtTHzy7ZEV56vU
Creator,Santigold,2mepahtDztjkeUcje46YD1
Crowded Table,The Highwomen,5HuaHij4kVpfEVv93MYCeW
Cult of Personality,Living Colour,5e3YOg6fIkP0wD5TyxcHOH
Da Da Da,Trio,5XZkMrlZsAqY9ltgN1cN4b
Da Ya Think I'm Sexy?,Rod Stewart,4z7maGZkAonDlXlwo8q69f
Da' Dip,Freak Nasty,76YDsWGWezclVy9Z6sDGhf
Danger Zone,Kenny Loggins,34x6hEJgGAOQvmlMql5Ige
Dare (La La La),Shakira,0YoUczWJPqphLvxnTXG00N
Day Drinking,Little Big Town,1pxXqJZBrCREdC0s4Xs6Xz
Daylight,Matt and Kim,57i3M29DWoo7RDk0Tf0LZG
Days,The Kinks,47COMIg91E1U83OQolIiBt
Days Go By,Dirty Vegas,2RLpFEf6d0708O7Bqhjyxg
Desert Rose,Sting,4WhyHQ2BXi2VU1iaFbF6jv
Dig In,Lenny Kravitz,0mBmE1IzBpbhfwEU4nd4ew
Do That to Me One More Time,Captain & Tennille,0m4jVVZrsv0bLkAr1uM6UG
Do What U Want,Lady Gaga,5XKXMWPACPq51OiqzxenZo
Do You Love Me,The Contours,5MbNAHqNksNDycMZ0WUaO5
Do You Realize??,The Flaming Lips,2DFRFqWNahKtFD112H2iEZ
Domani,MIKA,4NGIKS6qfDRcAVTlYBgSZ2
Dominos,The Big Pink,0VpkfoJpz3V7we5dNoJRrE
Don't,Ed Sheeran,1huvTbEYtgltjQRXzrNKGi
Don't Bring Me Down,Electric Light Orchestra,72ahyckBJfTigJCFCviVN7
Don't Cha,The Pussycat Dolls,1gZ7i4qxXkHZb1r6eioaAP
Don't Change 4 Me,Matthew Moon,04AYEtzUDsaUFwpxw9tPrP
Don't Fence Me In,Cole Porter,7bTlID6vzqECC5Vq61mysd
Don't Mind,Mary J. Blige,2zfPO7DPnJ2Sxp3pniyU4z
Don't Stop (Color on the Walls),Foster the People,4HRa9ZWcmZ8JD7UySPu0wT
Don't Stop Me Now,Queen,7hQJA50XrCWABAu5v6QZ4i
Don't Upset The Rhythm (Go Baby Go),Noisettes,5c5SVPVd9duygPOwO9n7e6
Don't You (Forget About Me),Simple Minds,3fH4KjXFYMmljxrcGrbPj9
Don't You Know What The Night Can Do?,Steve Winwood,4zGkOYqVX78eobhf2hTls4
Donna,Ritchie Valens,0VE4ayVlGs5DBoqOdgJ0Zv
Down,Marian Hill,5eCkuGPZNl4mISFNPgr3Dd
Down Down,Status Quo,5vVZaiK2mIL9WE1GWikOE6
Dream On,Aerosmith,5MxNLUsfh7uzROypsoO5qe
Dreams,The Cranberries,4JGKZS7h4Qa16gOU3oNETV
Drew Barrymore,SZA,06u5LrUpbosQlQ1QJFhPpG
Drinkee,Sofi Tukker,0WE8YTl6GAVHnkfvMfci98
Drinking In L.A.,Bran Van 3000,4WEaJQLlhlkOU7YJDLhn7x
Driving Home for Christmas,Chris Rea,3Z3QhZAZpqwZa1phsbQ3JZ
Drop It Like It's Hot,Snoop Dogg,2NBQmPrOEEjA8VbeWOQGxO
Dueling Banjos,Eric Weissberg and Steve Mandell,3iWC6AAzEB0Yh3m6Airvym
Easy,Commodores,1JQ6Xm1JrvHfvAqhl5pwaA
Eat Steak,The Reverend Horton Heat,0DiixF2hwgEo2v8nljFCdN
Edge Of Seventeen,Stevie Nicks,2id8E4WvczfKHB4LHI7Np3
Either Way,Wilco,5ovcVaOus1Wv4vTtyGXlhB
Eminence Front,The Who,0LN5gIsS5tQSmRzQrHSaTR
Enjoy Yourself (It's Later Than You Think),Guy Lombardo,0lMk95xQZtrTDFZGvXvqnU
Esseri umani,Marco Mengoni,1tefUBqLAW9l6HC10qOtCA
Everlasting Love,Robert Knight,0YR8dAoJh6Hba2c9EvppJI
Every Time the Sun Comes Up,Sharon Van Etten,38ydcsbayM4oX21Hhu84DT
Everybody Knows,Leonard Cohen,60s0QWaOZ2UTzqdIHBCt3x
Everybody's Happy Nowadays,Buzzcocks,7xUEsVEwSSXhjgBgZG57Tl
Everyday,Slade,5qgGXHf4yXNk2Z1LzMQDCh
Everyday People,Sly & the Family Stone,7lL2lMWNtzOcf5HnEudNgn
Everywhere,Fleetwood Mac,254bXAqt3zP6P50BdQvEsq
Express Yourself,Madonna,6ioBgySxoeQKALvAeLEmId
Eye of the Tiger,Survivor,2KH16WveTQWT6KOG9Rg6e2
F**kin' Perfect,P!nk,3MGJF1CDFGfjXESL2Heva0
Fancy,Reba McEntire,0FtV0YbnnjD7PXpLHFHPhn
February Air,Lights,4xVPcI30JGzvEhmm5jnbmO
Feel It Still,Portugal. The Man,6QgjcU0zLnzq5OrUoSZ3OK
Feeling Good,Nina Simone,6Rqn2GFlmvmV4w9Ala0I1e
Feeling Good,Avicii,7rc6L3UtM0uvwfpsl07GBL
Feliz Navidad,José Feliciano,0oPdaY4dXtc3ZsaG17V972
Fernando,ABBA,4BM8yJ0PzBi2ZewpMTOxtx
Fight Song,Rachel Platten,37f4ITSlgPX81ad2EvmVQr
Find My Baby,Moby,0dI4mHGU5PgjoU4Ogay1Bp
Find You,Zedd,1gpF8IwQQj8qOeVjHfIIDU
Fire,Barns Courtney,5w6B0sAH7XauCvMOAtplQj
Flat Beat,Mr. Oizo,5jaVyz2GDdesyu01cBbOSc
Fly Away,Lenny Kravitz,1OxcIUqVmVYxT6427tbhDW
Fly Like An Eagle,Steve Miller Band,3e0FzZjTXOUtiJGSClOBrI
"Food, Glorious Food",Cast of Oliver!,2uf1ei8iASCvI3N4SHWLfl
For What It's Worth,Buffalo Springfield,1qRA5BS78u3gME0loMl9AA
For Your Love,The Yardbirds,6o21UfW2RHkzzleZGLfFpK
Forever,Haim,2319gHincsCeSmc19Efi2j
Forever,Chris Brown,3NZJlJemX3mzjf56MqC5ML
Forever Young,Rod Stewart,6y4OjcEz7LMrdVGODrcAIv
Freak on a Leash,Korn,6W21LNLz9Sw7sUSNWMSHRu
Free Ride,Edgar Winter,4DhbiXEuV7JxSR0wuqetTa
Freedom,Pitbull,1StLlgkTm6s0LGRyAap9SP
Freedom Of Choice,Devo,2rqVAj02zaRGkNq6CR97nH
Freedom! '90,George Michael,3tyTt5pEWblt96j1HsXiV5
Fuel,Metallica,1tTPC0hsnXq1IGpvWY54JC
Gangnam Style,PSY,03UrZgTINDqvnUMbbIMhql
Gasolina,Daddy Yankee,6jEZLz3YpnEBRpVkv35AmP
Genesis,Justice,4wSmqFg31t6LsQWtzYAJob
Genius Of Love,Tom Tom Club,6UBQONiLH8kNmmB8UrV2Ef
Gertcha,Chas & Dave,485Cd38nHbhUtaHnhaTJXT
Get Busy,Sean Paul,5qTvkDrSfvwDv6RBjjcfQr
Get Low,Dillon Francis,3oZoXyU0SkDldgS7AcN4y4
Get Ready For This,2 Unlimited,6eMry77tX8WTocKpnVOGQs
Get Together,The Youngbloods,7CQXyFX44CXmnuq8Bi9Dyc
Get Up Offa That Thing,James Brown,3whRKAOlJ0M3banzcChvQv
Get Ur Freak On,Missy Elliott,6zsk6uF3MxfIeHPlubKBvR
Getting Better,The Beatles,3LtOmWpTXLhilL5odoKysR
Gigantic,Pixies,5G2g1EbEtFSMkMbAnhl7FV
Gimme Some,"Jimmy ""Bo"" Horne",0QkYkVSMKRodABlwztYdW5
Gimme Some Lovin',The Spencer Davis Group,3qCHUm73I3o5F1mDEfibzo
Girls,Sugababes,3Ij2VebVpzQmxwQSWtM00f
Give A Little Bit,Supertramp,6XUHsYE38CEbYunT983O9G
Give It To Me,J. Geils Band,67trulk6j7vx2hYGXiJAxq
Give Up the Funk (Tear the Roof off the Sucker),Parliament,4XRkQloZFcRrCONN7ZQ49Y
Glass & Patron,FKA Twigs,3U6CPINSKmZJ09FtO9PgUa
Go,The Chemical Brothers,2Xhd1kYKj2aee7JR3nIlRe
Go Where You Wanna Go,The 5th Dimension,22ajmorGB394NsdoMXYhaD
Go Your Own Way,Fleetwood Mac,4xh7W7tlNMIczFhupCPniY
God Only Knows,The Beach Boys,6iGU74CwXuT4XVepjc9Emf
Gold,Kiiara,6ZSO7kPn8IMJFymyticbJO
Golden Slumbers,The Beatles,01SfTM5nfCou5gQL70r6gs
Good Life,OneRepublic,6OtCIsQZ64Vs1EbzztvAv4
Good Times,Chic,2wYKNcoqKW4IEcllj42xz1
Good To Be Alive (Hallelujah),Andy Grammer,3gHc5XTAywdFQUsHS6DD7G
Good Vibrations,Marky Mark and the Funky Bunch,5hWdgGVcfTeLPAiHM6EZG9
Good Vibrations,The Beach Boys,5t9KYe0Fhd5cW6UYT4qP8f
Goodbye,Kristinia DeBarge,5myYDbAurm1CW038qd4gL2
Goodnight Gotham,Rihanna,5LJz7kmFhLqB53tmVWxig5
Gooey,Glass Animals,1gk3FhAV07q9Jg77UxnVjX
Got Me Under Pressure,ZZ Top,1jzZZsfzxsebFa6KpWXaAr
Green Onions,Booker T. & the M.G.'s,4fQMGlCawbTkH9yPPZ49kP
Greensleeves,Traditional,4CeTYautLdTI3nSkqt7MXE
Gronlandic Edit,Of Montreal,3X8gOyVXP93Tslnz9Bxw24
Groove Is in the Heart,Deee-Lite,2UVLuddklEVak5PXgC7baA
Gunshot,Lykke Li,5mSjJvTv9l5X2CblEa2ehN
Guts Over Fear,Eminem,0VZs2OQq4axr8GFRdC9nyD
Hair Of The Dog,Nazareth,1wXE6zvNWRz8GuMfEUgETz
Half the World Away,Aurora,4TWshc0BwiunzoppGOqiYR
HandClap,Fitz and the Tantrums,4qRaZYiaOsSvWC7VgcxrI0
Happiness,Needtobreathe,7aag0fFgE9K1Gj8lJwQaGI
Happiness Runs,Donovan,6VjlixxvMk9GvMA1ly8i8V
Happy,Pharrell Williams,60nZcImufyMA1MKQY3dcCH
Happy Jack,The Who,4EQL3I68WEw20icaY5y6Cy
Happy Together,The Turtles,1JO1xLtVc8mWhIoE3YaCL0
Havana,Camila Cabello,1rfofaqEpACxVEHIZBJe6W
Haven't Got Time For the Pain,Carly Simon,0oAJ0BThYPkafNe8PNLqIq
Haven't Met You Yet,Michael Bublé,4fIWvT19w9PR0VVBuPYpWA
"He Ain't Heavy, He's My Brother",The Hollies,41iPmvB2ogl3dzEHw9EZh0
Heart and Soul,T'Pau,5kv4uJENk4nWUIzgYoz7SI
Heartbeats,José González,5YqpHuXpFjDVZ7tY1ClFll
Heartbreaker,Justin Bieber,21pCToQdqcPi879auxjxKe
Heaven,Warrant,2dEgwtRjYl6TJkIwjRwn6z
Hello,Martin Solveig,3sl4dcqSwxHVnLfqwF2jly
"Hello Muddah, Hello Faddah",Allan Sherman,2Vo28PCuSInCfdZ2WMHVPL
Here Comes The Girls,Ernie K-Doe,52uuK5LFmWNzpgFZPXX4Vz
Here I Go Again,Whitesnake,1qOU8KzFifXE9YrgjVwYvc
Hero,Mariah Carey,4FCb4CUbFCMNRkI6lYc1zI
Hero,Enrique Iglesias,24Gxm7Eh7tO83E26LG0CsY
Heroes,David Bowie,7Jh1bpe76CNTCgdgAdBw4Z
Hey Brother,Avicii,4lhqb6JvbHId48OUJGwymk
Higher Ground,Red Hot Chili Peppers,5arVt2Wg0zbiWwAOZef2Nl
Hit The Road Jack,Ray Charles,5yQFVCQkupKqTJecbXA7qT
Ho Hey,The Lumineers,0W4Kpfp1w2xkY3PrV714B7
Hocus Pocus,Focus,2uzyiRdvfNI5WxUiItv1y9
Hold My Hand,Jess Glynne,1i1rNVtxbE7rdFfpHuNq2j
Hold On,Wilson Phillips,4VZDv8sASBS8UruUBGTFdk
Hold On Tight,Electric Light Orchestra,6yBbmHFTxihIDFAerzDMGi
Holiday,Vampire Weekend,4wtxSmTTeg6CiuhwIVKv0b
Holiday Road,Lindsey Buckingham,38i0QcGQ9hu8PMk4QObUTj
Home,Edward Sharpe & the Magnetic Zeros,7w5cxTEzp1rfV3KCy0Bd5N
Home Sweet Home,Mötley Crüe,4zXvB4MoQD8onk0NCZbeHG
Hot In Herre,Nelly,04KTF78FFg8sOHC1BADqbY
Hotline Bling,Drake,0wwPcA6wtMf6HUMpIRdeP7
How Bad We Need Each Other,Marc Scibilia,0gWcJrbC41WK5qsKowO0tz
How You Like Me Now,The Heavy,7D180Q77XAEP7atBLmMTgK
Howlin' For You,The Black Keys,0grFc6klR3hxoHLcgCYsF4
Hypnotized,Purple Disco Machine,0vWUhCPxpJOJR5urYbZypB
I Am,Awolnation,31CgjKFR1pzFO5Im365rXB
I Am Woman,Helen Reddy,3l2hbXdvmaH3tUd3qWLKgm
I Believe In A Thing Called Love,The Darkness,756CJtQRFSxEx9jV4P9hpA
I Bet My Life,Imagine Dragons,15DrrIod12Tc2IoMaHiwlQ
I Can See Clearly Now,Johnny Nash,0DcrhZ12WcCqruCs8ibXSf
I Drove All Night,Roy Orbison,6U7QjXYOaLJ741cIWPBTyN
I Feel Pretty,West Side Story Original Broadway Cast,4zLvXjNRP6VS6Mj6yXmfS3
I Giorni,Ludovico Einaudi,0VLascXUZ2Ze2u5kUD5J1f
I Gotsta Get Paid,ZZ Top,7rwM67LyGTDIq33h3Ukc6Y
I Heard It Through the Grapevine,Marvin Gaye,1tqT6DhmsrtQgyCKUwotiw
I Just Wanna Shine,Fitz and the Tantrums,4GZ3YCkuH0VvTluVLwUp4g
I Just Want To Make Love To You,Muddy Waters,2HFczeynfKGiM9KF2z2K7K
I Know There's Gonna Be (Good Times),Jamie xx,06UOL50QYtDR5l06ohu88m
I Like It,Cardi B,58q2HKrzhC3ozto2nDdN4z
I Like It Like That,Pete Rodriguez,6Wy3X4jSszfisnRscJCHdq
I Love It,Icona Pop,6HZ9VeI5IRFCNQLXhpF4bq
I Melt With You,Modern English,6J2rMSRhgb4HuX6dWgM3nJ
I Still Call Australia Home,Peter Allen,72FDdK9WADdng1VTXhWlgt
I Walk The Line,Johnny Cash,7hxZF4jETnE5Q75rKQnMjE
I Will Never Let You Down,Rita Ora,2ia7iiEtpiOL2ZVuWxBZGB
I Wish I Knew How It Would Feel to Be Free,Billy Taylor,0MeAcBLoHDO5s5I0yNIvHw
I'd Like To Teach The World To Sing,The New Seekers,0hbC2CAJidLslKqJ39Lxh4
I'll Stand By You,Pretenders,3Nf8oGn1okobzjDcFCvT6n
I'll Take You There,The Staple Singers,5YLnfy7R2kueN0BRPkjiEG
I'm A Man,The Spencer Davis Group,1oXq63OUf43LDnNPVtfvX8
I'm A Woman,Peggy Lee,2oBweKXM5LRYS3QQAeXTUK
I'm Alive,The Hollies,5KnoGzqktzPxHC38VQgWha
I'm Alright,Kenny Loggins,7vJnM5FUcOV3xAKJHSSUWj
I'm Free,The Soup Dragons,1K97Cp6YcpSRz1VxR1JKVC
I'm Gonna Be (500 Miles),The Proclaimers,66S14BkJDxgkYxLl5DCqOz
I'm Into Something Good,Herman's Hermits,3z6m2FukK7Vd5xYrjOLDLR
I'm Lovin' It,Justin Timberlake,6PfXAlQQ9S8sas54JYre3G
I'm Shipping Up To Boston,Dropkick Murphys,7rSERmjAT38lC5QhJ8hnQc
I'm So Excited,The Pointer Sisters,1ot6jEe4w4hYnsOPjd3xKQ
I'm Too Sexy,Right Said Fred,2WElktskrNJEwgpp5Vouxk
Ice Ice Baby,Vanilla Ice,3XVozq1aeqsJwpXrEZrDJ9
"If I Had $1,000,000",Barenaked Ladies,0KeDuUqEX3P0cKzRD5pEom
"If You Want To Sing Out, Sing Out",Cat Stevens,340t55txxJWQmTFK7wARZh
In Da Club,50 Cent,4RY96Asd9IefaL3X4LOLZ8
In Every Dream Home A Heartache,Roxy Music,3Wkho6tesTh4aF80T6evqH
In The Air Tonight,Phil Collins,18AXbzPzBS8Y3AkgSxzJPb
In Your Room,Bangles,6BsXgrxQViV3PdAjS13uWZ
In the Summertime,Mungo Jerry,3RNyGLgSvmVRZ7xKUp8Wgd
Instant Karma,John Lennon,2BkXpZSvPoUDMLI2Xw9kAL
Into Dust,Mazzy Star,7l5nkTZpoD93OkynN0gcon
Into The Valley,Skids,2QSD3K3b3BJ8DPhGhQfDPW
Invisible,U2,1zU1hssVqbyepuLza1qmgO
Iron Man,Black Sabbath,3IOQZRcEkplCXg6LofKqE9
It Takes Two,Marvin Gaye & Kim Weston,5Y9St7Txe6OT7MgXknJwDr
It's Time To Party,Andrew W.K.,4w9FRInfBiUtdysiBqTR8b
It's the Same Old Song,Four Tops,7d1ustAIlXG7ht5Q4IOv7s
Itsy Bitsy Teenie Weenie Yellow Polka Dot Bikini,Brian Hyland,3B3jI9LaQyOwrtjdlnNOw0
Jailbreak,Thin Lizzy,4qbiCq2xkNPyojuZFeNeqx
Jakarta,Bonsaye,05rQuHa8lWk9PTpQUqcO31
Jealous,Beyoncé,63wKtmUg754umO8SglEL79
Jeans On,David Dundas,0uN4g8yIAUpbyjcLhn79t7
Jerk It Out,Caesars,5XMjXjwCkJVmk0AHm7z8IV
Join Together,The Who,6JNVCUi0TUeNFVLvyXFJfN
Jump Around,House of Pain,3TZwjdclvWt7iPJUnMpgcs
Jumpman,"Drake, Future",27GmP9AWRs744SzKcpJsTZ
Jungle,Jamie N Commons & X Ambassadors,2cuSqUUALtdW2R5Lq6jlcv
Just A Friend,Biz Markie,3yNVfRQlUPViUh8O2V9SQn
Just A Little,Liberty X,1IMbmQCnl3h4m8NXqKee0g
Just Can't Get Enough,Depeche Mode,0xuXRQJfxmdP6gvfDe2Z4L
Just One Look,Doris Troy,154uJXAUVoqvV5on0w03a0
Just Push Play,Aerosmith,3u1P7A1U6wlbm73j4NhDis
Just What I Needed,The Cars,4alHo6RGd0D3OUbTPExTHN
Keep on Movin',Soul II Soul,7upgDi9C0pQn9HZzGfksJq
Kickstart My Heart,Mötley Crüe,7GonnnalI2s19OCQO1J7Tf
Kill Em with Kindness,Selena Gomez,1QNoKVgA758HFLu3TW2q7R
Killing The Blues,"Robert Plant, Alison Krauss",3KIoiyLwNxqHMfmlPFgDEG
Kiss From A Rose,Seal,3YKptz29AsOlm7WAVnztBh
Kuaga (Lost Time),Pierce Fulton,2ce5n5MpJQgvnAHtmfxS1C
Ladies Night,Kool & the Gang,5mXELvil737DPiUKMlC5XZ
Lady Marmalade,Labelle,3GGcwG519BTMdvMeFy7meT
Landslide,Fleetwood Mac,5ihS6UUlyQAfmp48eSkxuQ
Last Good Day Of The Year,Cousteau,5SvaVaOTPyHgSKXyJjJeMS
Legs,ZZ Top,7t6CAWplijBj4sdl0q3z0e
Lemon,N.E.R.D,4PpuH4mxL0rD35mOWaLoKS
Let Her Go,Passenger,0JmiBCpWc1IAc0et7Xm7FL
Let It Go,Idina Menzel,0qcr5FMsEO85NAQjrlDRKo
Let Love In,The Goo Goo Dolls,5wZ7v858f3VrSp5MfuxDeM
Let Me Go,Gary Barlow,051hFVOBXoq0Rg6485LVeq
Let The River Run,Carly Simon,0ubzTDRfqwMcmbbpK15sQX
Let There Be Peace On Earth,Various,4wBKO0YkmemaFEMkT7qkFs
Let's Face The Music And Dance,Fred Astaire,5agvdbstYFHnI7P6YBcWrC
Let's Go Crazy,Prince,0QeI79sp1vS8L3JgpEO7mD
Let's Hang On,The Four Seasons,0W1IOQx9EEZM30edmVs0Q4
Let's Spend The Night Together,The Rolling Stones,2FkBzncOXWo7pnN8oqm7Wx
Let's Stay Together,Al Green,63xdwScd1Ai1GigAwQxE8y
Life Is A Highway,Tom Cochrane,0hKF8N8aflF1uDzEEnPr2j
Life's About to Get Good,Shania Twain,4h5uOWibuxo0qrtejla7Pb
Lightning Bolt,Jake Bugg,79DO6dBi8936P6EShLB209
Like A Prayer,Madonna,1z3ugFmUKoCzGsI6jdY4Ci
Like a Rock,Bob Seger,5Jno63iv0mzu5OZ28asYbE
Little Man,Sonny & Cher,3pBtSlaM0qyH8mLXzVeUhh
Live Your Life,Mika,0SuBZErVjsmwNucfoz0thF
Livin' On The Edge,Aerosmith,4avSaixVwu8uqfSs7zgoj3
Livin' Thing,Electric Light Orchestra,2hdNya0b6Cc2YJ8IyaQIWp
Living in a Box,Living in a Box,2y5DTMrFIcZySlsIOL6N4N
Lollipop,The Chordettes,1hFB1obL3dCyIDigkojSTm
Lonesome Town,Ricky Nelson,0SsYlkXxZ5vkWOTsKxMfMz
Look at Me Now,Chris Brown,3hsmbFKT5Cujb5GQjqEU39
Looks Like We Made It,Barry Manilow,3QqO9FxVrikwo7kS5ls3kQ
Louder,DJ Fresh,1ZFdXzBLNeAG3VotbwFo7r
Louie Louie,The Kingsmen,0iA3xXSkSCiJywKyo1UKjQ
Love Is All Around,The Troggs,5psbwXbjlWCqmLVzIqif7Q
Love Is Here to Stay,Gene Kelly,7lWSU8Cv0Fi95W872SIoXh
Love Is The Truth,Jack White,0PgdkaQqvgI3wlWqXUqWUG
Love Machine,The Miracles,1b833AsiKCEhLLxmdQu9Hw
Love Rollercoaster,Ohio Players,1hRDHWWealh2Pk3fnpIe75
Love Song For A Savior,Jars of Clay,0DbcdVCzmY1IjilPTPaSOe
Love Stinks,J. Geils Band,3K9QlS0VCtkzUvo0HY75VE
Love Train,The O'Jays,28285KFbyCq8sJofn58qlD
Lovely Day,Bill Withers,0bRXwKfigvpKZUurwqAlEh
Lovin' Every Minute of It,Loverboy,7wxRteSKMVVYD570x3D7bx
Lovin' You,Minnie Riperton,4twhYPDyCP6ICeW3TtQVxP
Lush Life,Zara Larsson,1rIKgCH4H52lrvDcz50hS8
Lust For Life,Iggy Pop,21YxK0klhpfLW8budkJaMF
Macho Man,Village People,22kv2NoeaD7qhTgShfZjIv
Mad About The Boy,Dinah Washington,1c7ELD4W6VyoKTglc4zzUH
Made to Love,John Legend,1G2Ya2ubnlS7xFfs1CfY3j
Magic,Pilot,500h8jAdr7LvzzXlm1qxtK
Magic,Robin Thicke,1zy9PC4hGrVtCU7LoMOIqH
Magic Carpet Ride,Steppenwolf,4c4jJJoaiY21t2TyRZgdWS
Major Tom (Coming Home),Peter Schilling,709ffFK4o4MtG1NKoLvOma
Man Like That,Gin Wigmore,7KNIZlX0pBSBBrkI4d8AHB
Maps,Maroon 5,4gbVRS8gloEluzf0GzDOFc
Masquerade,Nicki Minaj,4mNDJjAllo55akNIewGJxT
McDonald's Girl,Dean Friedman,7JD090jBukALJzRzJanW9B
Me Too,Meghan Trainor,3KwwE4sgCzMaKWq6QBebmX
Melissa,Allman Brothers Band,30St98Bok3jJmXdkkHVPQe
Mellow Yellow,Donovan,4cix9zymmhisLuM56RDcB7
Mercedes Benz,Janis Joplin,1MntHPLU1T7a9W4tojbg8g
Mercury Blues,Alan Jackson,7JiCaZ93B0hdj3XwFqwn4W
Midnight Rider,Allman Brothers Band,1hHGUdFaiJHw9hVZGJWYO2
Misbehaving,Labrinth,04EDShdWyBr2aJPqjFjKAQ
Mississippi Queen,Mountain,4vO9dmzNRqDhFY3jD1a3P7
Mmm Yeah,Austin Mahone,2n3CaPGPLYnYAvTEwKCX8t
Modern Love,David Bowie,3gxEZXUjrNbl3TlSrTGbR5
Molly's Chambers,Kings of Leon,0nCAVzknkzRXRgB6LhRv04
Monument,"Röyksopp, Robyn",616ddBwW0LpyhCpLE5BpIP
Motorcycle Emptiness,Manic Street Preachers,6Ubz7S4IFSWVxlkMiRyMIK
Move Closer,Phyllis Nelson,7Mjw0uK12MhQ7RMRSv2qXS
Move On Up,Curtis Mayfield,0MHXrqn909p0LRTPsNsGEi
Movin' On Up (from Jeffersons),Soundtrack,3ViIKzHvuCThYuAXNJVy0Q
Mr Slaters Parrot,The Bonzo Dog Band,5IhOysrSo9cmIxM4e05oSL
Mr. Big Stuff,Jean Knight,2Bls0igCm79XQQ95IoUbhq
Mr. Blue Sky,Electric Light Orchestra,2RlgNHKcydI9sayD2Df2xp
Mr. Roboto,Styx,7C0rG4oWO7VeZcffyW1sK9
Music To Watch Girls By,Bob Crewe,2QZ3TaDZsHEFPYBxBWel9X
My Baby Just Cares For Me,Nina Simone,6VTbbVjKOC2qWagIDbkJrC
My House,Flo Rida,6Knv6wdA0luoMUuuoYi2i1
My Name Is,Eminem,75IN3CtuZwTHTnZvYM4qnJ
Naeem,Bon Iver,1ff60tDWdcdVN6PtKQXWny
Need You Tonight,INXS,5eU8qMd0TpaLqTGDZJaLDs
Never Be the Same,Camila Cabello,4eWQlBRaTjPPUlzacqEeoQ
Never My Love,The Association,32ssNweOtmacNBEC2kHzA8
Never Tear Us Apart,INXS,1qQSRy9DjrGh3jtsSCU6B1
New Sensation,INXS,2bxY1baYlyXNzmjOkFvqId
New Slang,The Shins,1wAqhAF1dynDjMy7m5CSSE
New Soul,Yael Naim,476JcJ3TpAuCOlGdCmomGm
No Matter What Shape (Your Stomach's In),The T-Bones,5DkgAX62bM7gwYpOGtOGfK
No Rain,Blind Melon,6txWz9UapYHVxEd7dDIHXT
No Sleep Till Brooklyn,Beastie Boys,5qxChyzKLEyoPJ5qGrdurN
No You Girls,Franz Ferdinand,37CBHPCzV1rizPrxRUyR72
Not Gonna Break Me,Jamie N Commons,2lHWiGp4TH9swlq2iZEodE
Nothing But A Heartache,The Flirtations,1b63ryTONnLSP14Oytqp6p
Nothing From Nothing,Billy Preston,72PoJMDfdaw9gGECgA9kTZ
Nothing's Gonna Stop Us Now,Starship,3X7uFMzJrEE0sxn62qd8Ch
O-o-h Child,The Five Stairsteps,74JdR9aXE6I74oS1BVRsvb
Oh Africa,Akon,6Kz15VD322cOE7kE1vxO9M
Oh Boy,Miss Li,0OHmk0jAIDlgYkjMFqGnRW
Oh Boy!,Buddy Holly,7s7Zu78CztOUFUyQ4BijBQ
Oh My Love,The Score,4Q99wmrzQFtK3oweyLkWij
Old Town Road,Lil Nas X,2YpeDb67231RjR0MgVLzsG
On My Radio,The Selecter,5X7Sbugnqqm3ffA9y7b7wD
On The Wings Of Love,Jeffrey Osborne,6AEdWbrFREOUNmI1hMPbyc
On Top Of The World,Imagine Dragons,6KuHjfXHkfnIjdmcIvt9r0
One Day,Charice,1RuMGQ3KEOYzL8tdHN2foz
One Day I'll Fly Away,Vaults,2E2wjpmXq6kTRi2klFYXll
One Love,Bob Marley & the Wailers,2HcyIzVsX45jLIxK7SH2aI
One Week,Barenaked Ladies,29hBRadFZf9QTGRHZmxm65
Only Time,Enya,6FLwmdmW77N1Pxb1aWsZmO
Oo-De-Lally,Roger Miller,0mWXrr6HQZUhCQG4JMkT2e
Ooh La La,Faces,4lJ6YVXQ0jUk5ILu0PSrA4
Ooh La La,Goldfrapp,6oLb4m0HlijuaxtQIbvAhp
Open Up Your Door,Richard Hawley,3HNp9HQ33wdDhAvEc4arE8
Original Of The Species,U2,6ml01NkC9AfM4OICOtRxEY
Our Country,John Mellencamp,5p53PF8DpDlAe7I9zXwirD
Our House,"Crosby, Stills, Nash & Young",2hitsKa8SthKhRJBXUHbIv
Our House,Madness,1qV6e4ITnfGmA6m6Vklvbi
Out The Speakers,"A-Trak, Milo & Otis",4i3IBAYQQRdiGjbsK4AHuS
Oye Como Va,Santana,5u6y4u5EgDv0peILf60H5t
POWER,Kanye West,2gZUPNdnz5Y45eiGxpHGSc
"Paint It, Black",The Rolling Stones,63T7DJ1AFDD6Bn8VzG6JE8
Palace,Sam Smith,5UFvcTCbp9P057YbRNsJ3U
Pale Shelter,Tears for Fears,0Xam0zVac3hKWWN4OQ5Gdr
Palladio,Escala,1ALiG3jOB2tOfKiAWscWYQ
Paradise by the Dashboard Light,Meat Loaf,2g7gviEeJr6pyxO7G35EWQ
Party Hard,Andrew W.K.,0E0bZtTG39K95uRjqBo1Mx
Pass it Along,Chumbawamba,51W9ZvV20w6GhfC9tIj6ug
Pep Rally,Missy Elliott,3Of77FYMTeIucSWOnOvAkH
Perfect Day,Lou Reed,4TOMI010Sd4ZAX4aZ5TS85
Phenomenal,Eminem,4e5lEqydMatcEio6ef9Dpf
Physical,Olivia Newton-John,3hVrI7snZMTmHCnbwME47u
Pianni,Mara Carlyle,6wySQH1Qy1cPnuF78Co121
Picture Book,The Kinks,5HOQNAXcPSwV7Gt8AV8qiP
Piece Of My Heart,Big Brother & the Holding Company,1xKQbqQtQWrtQS47fUJBtl
Pinball Wizard,The Who,6LbbHFEajG9e4m0G3L47c4
Pink Moon,Nick Drake,16qzGrIMWoxerw2gnW0zuv
Play Ball,AC/DC,3fpzBeEHvuXKOl7QeVe1iz
"Please, Please, Please, Let Me Get What I Want",The Smiths,6BrMEbPSSj55nQhkgf6DnE
Position to Win,Migos,75VRabO3e7Twgd7mSoPdbF
Praise You,Fatboy Slim,21RDsw7wzUJNl2FbWTgEfJ
Pressure Drop,Toots & the Maytals,7cfILJJHW9ZSkbM2ywLhiN
Push It,Salt-N-Pepa,6sT9MWlJManry3EQwf4V80
Radioactive,Imagine Dragons,4G8gkOterJn0Ywt6uhqbhp
Rapture,Blondie,6F2vo4sxRNQ58VYe3pdiaL
Rather Be,Clean Bandit,3s4U7OHV7gnj42VV72eSZ6
Ray Of Light,Madonna,4Fpsa3pYc3gozrxHRRPvR6
Reach Out I'll Be There,Four Tops,6Pkj4nv5K53i64cLVgkVyY
Reach Out of the Darkness,Friend & Lover,3DrlHWCoFqHQYGwE8MWsuv
Ready Or Not,Fugees,3vZO25GdYuqFrR1kzZADnp
Real Love,Tom Odell,1Udy17gjGeZPNdmmcLjl7L
Real Love Baby,Father John Misty,0Z57YWES04xGh3AImDz6Qr
Reet Petite,Jackie Wilson,3h4udS0WeWbsur3yfjvnm4
Renegades,X Ambassadors,0fYVliAYKHuPmECRs1pbRf
Rescue Me,Fontella Bass,1GY8zOFi8rC39xXnD0tKO8
Respect,Aretha Franklin,7s25THrKz86DM225dOYwnr
Return Of Django,The Upsetters,3X6b40Xr4zxbyLatxilx6T
Return Of The Mack,Mark Morrison,3jDdpx9PMlfMBS5tOBHFm9
Revolution,The Beatles,3UDmHZcBTQp8Iu8droNtUl
Rhapsody in Blue,George Gershwin,0g7AZiNDzDuEYOwV27qoXb
Right Now,Van Halen,6N1sNzq3CArC1pMSaZTxaT
Right Said Fred,Bernard Cribbins,6iPWeSBNyFjM07shPxuUup
Ring My Bell,Anita Ward,7GK2KVYH8FrTC9zehmjVMd
Riptide,Vance Joy,3JvrhDOgAt6p7K8mDyZwRd
River Cross,Pearl Jam,3vM4uIHDY9nAZcRRoyXnLX
Rock And Roll,Led Zeppelin,4PRGxHpCpF2yoOHYKQIEwD
Rock Me Gently,Andy Kim,2qh2VGAOYFXLsMbdATRf6w
Rock The Boat,Hues Corporation,7fu3Tv5rcoGD1PZV7s57WW
Rock You Like A Hurricane,Scorpions,58XWGx7KNNkKneHdprcprX
Rock and Roll Ain't Noise Pollution,AC/DC,6J17MkMmuzBiIOjRH6MOBZ
Rockin' Around The Christmas Tree,Brenda Lee,2EjXfH91m7f8HiJN1yQg97
Rollercoaster,Bleachers,5L95vS64rG1YMIFm1hLjyZ
Roots and Wings,Miranda Lambert,7pEZg5eWtQxsVFpMj1Nh6D
Round And Round,Ratt,5B6Z7NwVqA7W3UFiqBdEJC
Rumble,Link Wray & The Wraymen,1LtCnfSg27XkyOAGCJo10g
Runaway,Kanye West,3DK6m7It6Pw857FcQftMds
Runnin' (Lose It All),Naughty Boy,5yZvaUVyuXfSVUaMumFi6l
S.O.B.,Nathaniel Rateliff & the Night Sweats,1VPUpUwtbpoRVXt0txVU0w
Sabotage,Beastie Boys,0Puj4YlTm6xNzDDADXHMI9
Safe and Sound,Capital Cities,6Z8R6UsFuGXGtiIxiD8ISb
Sale El Sol,Shakira,1DJxR9NMQ14fv1WK0pHodt
Santa Baby,Eartha Kitt,1vZKP9XURuqMp1SpXGnoyb
Savior,Iggy Azalea,1rMo0Fuv4vYRGT78bZQohI
Saw Lightning,Beck,0JeNWvckrkYpR8cY5A4Phs
Sax,Fleur East,20dJUFrfY0TBZ7HHhJgjsg
Say I Wanna Know,Nick Waterhouse,4tmAywglGXw3nAIx709zKy
Say Something,A Great Big World,6Vc5wAMmXdKIAM7WUoEb7N
School's Out,Alice Cooper,5Z8EDau8uNcP1E8JvmfkZe
Scorpio Rising,Death in Vegas,7kJ5bBs3z7I3LlvedHXyh1
Scream & Shout,will.i.am,2iJuuzV8P9Yz0VSurttIV5
Search And Destroy,The Stooges,00sydAz6PeOxYzwG1dRIPi
Season 2 Episode 3,Glass Animals,4vcoNCrTtunmJ9q8srpVly
Season Of The Witch,Donovan,6MOEQCtAWNSCmvg3SFKF5y
Secret Agent Man,Johnny Rivers,2BlaUfBTbWG50DoZHBD1uV
Secrets,OneRepublic,1NhPKVLsHhFUHIOZ32QnS2
Send Me On My Way,Rusted Root,6hs3SDnbO3f6VQuPO4KBEb
Sexy Lady,Jessie J,60YqDe8UqfRaSFZ6TvPI9u
Sexy People (The FIAT Song),Arianna,4X06LeyOO0NZoqOowDmp3a
Shake Up Christmas,Train,1NghHeg0wE32eBYrQBVQXL
Shambala,Three Dog Night,0P6fEgTn3cxLLyYTJYoYGj
She Is Love,Parachute,2Dz5WpEWA0vhnMmEPYiZ2y
She's A Rainbow,The Rolling Stones,61IBpJ6TymrEwd7bz3oPNp
She's So High,Tal Bachman,7mnGQesk1TzQLzQ9bYWZPR
Shine,Take That,0HymmN4yq935nqPLMjKNit
Short Shorts,The Royal Teens,2razPef7w7IoxNvG8plxsC
Shot In The Dark,AC/DC,6ZtrGCcn38kGImt2GPFbJB
Should I Stay or Should I Go,The Clash,39shmbIHICJ2Wxnk1fPSdz
Show Me Love,Hundred Waters,5PnBpKOVvQxeFvXVNYSoxs
Show Me What You Got,Jay-Z,1SlPhbS52PbNqqVCqGU12I
Singin' In The Rain,Gene Kelly,1ZEVSOFaWo6hWpuSsx1Xwr
Sinnerman,Nina Simone,5xRP5iyVdGglqlY4Vcjhkx
Sirius,The Alan Parsons Project,4OV0sRTFrZLXaZZ1sS9hLn
Skinnamarink,"Sharon, Lois & Bram",7kvRLCxTBWILHWiWRvgipl
Slave To The Rhythm,Michael Jackson,4h5KB1btt2aZBq9EJHmWF4
Sleepyhead,Passion Pit,4prEPl61C8qZpeo3IkYSMl
Slow Hand,The Pointer Sisters,3fvDLsiTHPQNgzuMd3Mpb5
Smoke On The Water,Deep Purple,5SAUIWdZ04OxYfJFDchC7S
Smooth Sailing,Queens of the Stone Age,5fb0p81SAZBkZEvmLAfGKz
So Alive,The Goo Goo Dolls,0Se1ajfYEa51gkPKV5UgLV
Soak Up The Sun,Sheryl Crow,215JYyyUnrJ98NK3KEwu6d
Somebody's Watching Me,Rockwell,6zAaM3FFUaUineZXXzJlVy
Something,The Beatles,0pNeVovbiZHkulpGeOx1Gj
Something In The Air,Thunderclap Newman,0emd9tHSVP4dK6UG4pcOFD
Something New,Axwell Ingrosso,5C4NMi4fPpdFPnMZVsyG8H
Somewhere Only We Know,Keane,0ll8uFnc0nANY35E0Lfxvg
Somewhere Only We Know,Lily Allen,1mvfvDZOybiEgS1ecJxt9W
Son Of A Preacher Man,Dusty Springfield,7odHgoLFi3GQ90E9PeraI3
Song 2,Blur,1FTSo4v6BOZH9QxKc3MbVM
Soul Survivor,Rita Ora,2M9DRvhorbm60uF6ygEaiv
Sound & Color,Alabama Shakes,42Z8moYh30XOVffltDDUgK
Space Oddity,David Bowie,72Z17vmmeQKAg8bptWvpVG
Spaceman,Babylon Zoo,0uQcP7QVoLvaFsORsdrgNh
Spirit In The Sky,Norman Greenbaum,0jvN7eQJJt4nxQzgQfZ1SP
Spread Your Love,Black Rebel Motorcycle Club,4mpAm83XX1iS63l8wmkEC6
St. Elmos Fire (Man In Motion),John Parr,1A2PWRltFrX8iB8IP3CUgo
Stacy's Mom,Fountains of Wayne,27L8sESb3KR79asDUBu8nW
Stand By Me,Ben E. King,3SdTKo2uVsxFblQjpScoHy
Standing on the Sun,Beyoncé,7jpSvCrFev9EBb5RSmoRTa
Starman,David Bowie,0pQskrTITgmCMyr85tb9qq
Start Me Up,The Rolling Stones,7HKez549fwJQDzx3zLjHKC
Stay Another Day,East 17,4wYCe9tSmUolNU4WmJKbZy
Stompa,Serena Ryder,3zIEvMYvCM0jiszho8jaFH
Strange and Beautiful (I'll Put a Spell on You),Aqualung,4CXYAsd8WrVbxvbJ4k22gy
Strangers in the Night,Frank Sinatra,74VR3AkGPhbYXnxcOYa16x
Stranglehold,Ted Nugent,2f0P7iELCvAlV8j6Z3rGDE
Strawberry Letter 23,The Brothers Johnson,00kvKlIvfzQLSi6T2zwXuS
Strong,Will Hoge,1TbUqVM91aM5hdXicZ5G6P
Stronger (What Doesn't Kill You),Kelly Clarkson,6D60klaHqbCl9ySc8VcRss
Style,Taylor Swift,4lIxdJw6W3Fg4vUIYCB0S5
Such Great Heights,The Postal Service,4G21jWo0Cm6lOIUNnZ2mUI
Sugar,Maroon 5,2iuZJX9X9P0GKaE93xcPjk
Sugar,Robin Schulz,5tf1VVWniHgryyumXyJM7w
Sun Is Shining,Axwell Ingrosso,4b2tcjrG1qUkSdsqEFP2dB
Sunday Morning,The Velvet Underground,11607FzqoipskTsXrwEHnJ
Sunglasses At Night,Corey Hart,1QbQL5m30YNvukitIqAnFG
Sunshine,Tieks,3jbsz68DZXoqTlCz0n05xn
Sunshine Superman,Donovan,4RGxUjaCmVtD30pIhtEi7w
Surfin' Bird,The Trashmen,7EjyzZcbLxW7PaaLua9Ksb
Swagger Jagger,Cher Lloyd,4WC1QKJvvYiVtMTI1KgkzS
Sweat Shock,J. Roddy Walston & Business,4vtiMtq0oygiRCnKX1D7gg
Sweet About Me,Gabriella Cilmi,0aeWFHCKwVoavQdpduyB1Q
Sweet Child O' Mine,Taken by Trees,0uZqwjV40JTQ7KxU8a5GZR
Sweet Dreams,Beyoncé,1FKxKGONukVFXWVJxAKmlz
Tainted Love,Soft Cell,58E1XVmZTODC67YNjneuXM
Take Me,Paloma Faith,3MKDqBiMYQf1TXmP7VhO5Y
Take Me to Church,Hozier,1CS7Sd1u5tWkstBhpssyjP
Take On Me,a-ha,2WfaOiMkCvy7F5fcp2zZ8L
Take a Walk,Passion Pit,4Sfa7hdVkqlM8UW5LsSY3F
Takin' Care Of Business,Bachman-Turner Overdrive,0lzNXoZINVBLHWNIxKxWOo
Tall Cool One,Robert Plant,6vejDalRlBqPrr7s3iwi9U
Tarzan Boy,Baltimora,273uCXd7NPrInaiNqtkOrA
Taxman,The Beatles,4BRkPBUxOYffM2QXVlq7aC
Teach Your Children,"Crosby, Stills, Nash & Young",29HaKOpeLSYvqdFyEQSRdj
Tell The World,Eric Hutchinson,0ifc4mq2mVNefgQFmtXQpt
Tempted,Squeeze,5r2z0FHOoFI06GZEVGDjzM
Ten Feet Tall,Afrojack,2ldAdghnrO34HPcZ0IWfTu
That's It (I'm Crazy),Sofi Tukker,3quo1L37ZrOXs35UjnwJ2L
That's My Girl,Fifth Harmony,2ACOWPLUe4A4KuQ5ioD2od
That's The Way (I Like It),KC & The Sunshine Band,1qiQduM84A0VeH8Y2uAbqi
The Ballad Of Jed Clampett,"Flatt, Scruggs",1Wf71eeA52D1hOtkh6g2Ga
The Blood That Moves the Body,a-ha,49TbwpBDgLMIYVDhJs9Fru
The Boys Are Back In Town,Thin Lizzy,43DeSV93pJPT4lCZaWZ6b1
The Gambler,Kenny Rogers,5KqldkCunQ2rWxruMEtGh0
The Girl From Ipanema,"Stan Getz, Astrud Gilberto",3898C4AbdbptwYet6547e5
The Golden Age,The Asteroids Galaxy Tour,0iC9wa4ARcVk0oV1zXpwjv
The Hippopotamus,Flanders & Swann,02bNtI8mb8gEw0xpxlyByG
The Joke,Brandi Carlile,18k8IlS52uxRWObykDUZFG
The Joker,Steve Miller Band,1bp2IO61zbQrbWNmKKxg3f
The Look,Roxette,79LdvxXi5JYUjhnO7v9Fi3
The Man,Aloe Blacc,2stPxcgjdSImK7Gizl8ZUN
The Middle,Zedd,09IStsImFySgyp0pIQdqAc
The Ones That Like Me,Brantley Gilbert,3I74lFPU8RE17EIfYz351J
The Payback,James Brown,5OcyX5eg7VrJuI833qOCUc
The Power Of Love,Gabrielle Aplin,17O2PjGN9JjxHweAvjjSa2
The Rubberband Man,The Spinners,13Mzsb8VzRSZ5w3pM48cn6
The Show,Lenka,1mHoqHeQClLBp5UO3TbUac
The Snake,Al Wilson,3UMqQ1QTgvAj8FTQMoNPfk
The Sunnyside Of The Street,The Pogues,1gyCtXIRuolBdRe4bVVF1u
The Thieving Magpie Overture,Gioachino Rossini,5o4pgCR3JIeIbzwqBfjmtn
The Times They Are A-Changin',Bob Dylan,52vA3CYKZqZVdQnzRrdZt6
The Universal,Blur,0qmCWYu7hOvriyuqXfPw7I
The Way That I Live,Ed Harcourt,19T698G544tvThBY8HmEKM
The Way You Look Tonight,Fred Astaire,1ndRc8gZMyybqhTMhZjPot
The Yeah Yeah Yeah Song,The Flaming Lips,2mlIzqDE7RaMaMx1UPdsXL
Theme From Harry's Game,Clannad,2hcxPnu5RljXH0eMOtctuF
Theme From Mission: Impossible,Lalo Schifrin,1XnzC28Z5QSglwHBDvGTtN
There is a Mountain,Donovan,4cOt4yXLpE0i24ZudX8qFC
These Boots Are Made For Walkin',Nancy Sinatra,2nwCO1PqpvyoFIvq3Vrj8N
Thick As A Brick,Jethro Tull,0eufeeCADKlpxLA7HATWBW
Think,Aretha Franklin,4yQw7FR9lcvL6RHtegbJBh
This Is Me,Keala Settle,45aBsnKRWUzhwbcqOJLwfe
This Land Is Your Land,Woody Guthrie,3ZjrfGcb3A2PMGA1vRNgSk
This Will Be (An Everlasting Love),Natalie Cole,0PDCewmZCp0P5s00bptcdd
Three Little Birds,Bob Marley & the Wailers,6A9mKXlFRPMPem6ygQSt7z
Thriller,Michael Jackson,7azo4rpSUh8nXgtonC6Pkq
Thunder,Imagine Dragons,1zB4vmk8tFRmM9UULNzbLB
Thunderclouds,LSD,4lJNen4SMTIJMahALc3DcB
Thunderstruck,AC/DC,57bgtoPSgt236HzfBOd8kj
Tighten Up,The Black Keys,2MVwrvjmcdt4MsYYLCYMt8
Time After Time,Cyndi Lauper,7o9uu2GDtVDr9nsR7ZRN73
Time In A Bottle,Jim Croce,561F1zqRwGPCTMRsLsXVtL
Time Of The Season,The Zombies,5AJrhrwz4oSZX2PwwV4qrN
Times Of Your Life,Paul Anka,3AdX0KdVoMBqe82b19rWAU
To Live And Die In L.A.,Wang Chung,484UGDCYPabFJ7JqhmU6RN
To Love Somebody,Bee Gees,0mbS3VwRbO6HVBMPXnzOGA
Tongue Tied,Grouplove,0GO8y8jQk1PkHzS31d699N
Tonight is The Night,Outasight,0tr0D36L1RwPdUTFfyNq37
"Tonight, Tonight, Tonight",Genesis,3qmYlsTbC9CD9SGoVmaEDa
Too Close,Alex Clare,4sK96UnGx3NjBaqvfTG2dm
Total Eclipse Of The Heart,Bonnie Tyler,7wuJGgpTNzbUyn26IOY6rj
Touch,Natasha Bedingfield,0dymxo2LSNSMvs6n2PVe90
Toyland,Doris Day,1vrZjaOYLsl6sQMDSqfqlk
Trampoline,Shaed,0lsRatBUs9HNIZAmoGABzk
Treat Myself,Meghan Trainor,64BWkOjyNcmXoWH0b0Wq4R
Trouble,Ray LaMontagne,5aGkIyzLVYGuLIHkxpNAFF
True Colors,Cyndi Lauper,2A6yzRGMgSQCUapR2ptm6A
Try A Little Tenderness,Otis Redding,36AlMHDBFwSsD3FQOy1R81
Turn Down For What,DJ Snake,67awxiNHNyjMXhVgsHuIrs
Two Princes,Spin Doctors,4ePP9So5xRzspjLFVVbj90
Two Tickets To Paradise,Eddie Money,22CIOfLZB9z8He7WgHYAgH
Under The Milky Way,The Church,1RCtHLyq1xIbgGMrYRrKJ2
Underdog,Kasabian,3PbsDnKdrZY0ttX7VE9s5R
Unstoppable,Sia,1yvMUkIOTeUNtNWlWRgANS
Up All Night,Beck,28AgTOIZke8nitD0NNeb3G
Upside Down,Diana Ross,3pbtBomO4Zt5gGiqsYeiBH
Venus In Furs,The Velvet Underground,29engDqjmMr3VLqMm0c0WE
Vida 23,Pitbull,0WBXUygFFQA6UEIVMwpMIA
Viva La Vida,Coldplay,3Fcfwhm8oRrBvBZ8KGhtea
Viva Las Vegas,Elvis Presley,5Q7ayTarb9Tpmkik5cVMug
Volunteers,Jefferson Airplane,7pTL00cPeIGhvVNlq5qP0k
Waiting Game,Banks,27mT3JdR3sRJyiMBFHdhB4
Walking In Memphis,Marc Cohn,5fgkjhICZnqFctrV0AyuQD
Walking On A Dream,Empire of the Sun,5r5cp9IpziiIsR6b93vcnQ
Warm This Winter,Gabriella Cilmi,3BfYDQC9SKBN1QCWVGb7C4
Wasteland,The View,7fAlAJ7bd09SqeOR8txwwZ
Watch Out,2 Chainz,22DKsoYFV5npPXmnPpXL7i
Way Down We Go,Kaleo,0y1QJc3SJVPKJ1OvFmFqe6
We Are Family,Sister Sledge,5IKLwqBQG6KU6MP2zP80Nu
We Are The Champions,Queen,7ccI9cStQbQdystvc6TvxD
We Are Young,Fun.,7a86XRg84qjasly9f6bPSD
We Belong,Pat Benatar,665Jxlgi1HamPKbW1vwzx4
We Built This City,Starship,6OnfBiiSc9RGKiBKKtZXgQ
We Can Work It Out,The Beatles,1hTUFqJuQAMjXVGwUPWDqi
We Like To Party! (The Vengabus),Vengaboys,77j9HOrxUpWcjwra9jgvio
We Might Be Dead by Tomorrow,Soko,4miKDdaWW78mKwx6TIvOa0
We Owned The Night,Lady A,7BSZJLXPTktuZZAe8VYbbF
We'll Be Together,Sting,7aQru4HvzvcA2xQVv0g0mB
We've Only Just Begun,Carpenters,3m167vBQI5YLK0a1m6L6Y1
Welcome To My Life,Empire of the Sun,5nYJgmQzRcPnvqLzoRycUQ
Welcome To The Jungle,Guns N' Roses,0G21yYKMZoHa30cYVi1iA8
What A Wonderful World,Louis Armstrong,1qCQTy0fTXerET4x8VHyr9
What Are You Doing The Rest Of Your Life?,Dusty Springfield,22xRvEw670gmjaT7p2d1ZR
What Have They Done to My Song Ma,Melanie,2fCkZjNllDCA2bxTUacBZW
What I Like About You,The Romantics,6NdcSEhpGGAYXNnnhGS2s6
What Is Love,Haddaway,2IHaGyfxNoFPLJnaEg4GTs
What You Won't Do for Love,Bobby Caldwell,7dL8FCLzEaWC2A3qWQuz1q
When A Man Loves A Woman,Percy Sledge,51FpzuGkRYXFgsE2zXt9av
When I'm Small,Phantogram,21nf6u3sQbfViHX7wNZmhK
When I'm Small,Phantogram,0PERS23jNsjcjBywXLvpyc
Where Everybody Knows Your Name,Gary Portnoy,2uE8l7sar0JT0tZYhrPz8S
Wherever You Will Go,The Calling,5QpaGzWp0hwB5faV8dkbAz
Whip It,Devo,4sscDOZCkbLSlDqcCgUJnX
Whistle While You Work,Adriana Caselotti,1ai54RVIzu7IKebNbPEwMv
White Room,Cream,3Xls4cNOwy01dtrNXb1inG
Who Needs You,The Orwells,2x4F1O1fGO6yj860N2Or0N
Who Says You Can't Go Home,Bon Jovi,5439qJTu5mVH9aeriwp03u
Why Can't We Be Friends,War,6x959m2QDvatSwUAVCHIuf
Wild Thing,The Troggs,7jGzYUZ2Bgg8BDfYlQRfn8
Wildest Moments,Jessie Ware,2QPuWjnOa6N5p8fGn3iGly
Wing$,Macklemore & Ryan Lewis,5n5uyFpfopa4mNdSN0gTaH
Wings,Birdy,1D4XFKolp63mNqqMXJJL1V
Wipe Out,The Surfaris,4anUinKv803lyDD1vaSXhU
Wish I Knew You,The Revivalists,2EWpa5XnAuSn0sIkSSIhYk
Wishing On A Star,Rose Royce,0u2CGItUO2jYEiFaXD7n5S
Without You,Nilsson,6MrILERJLA3Jcq0E9poZsp
Wizards in Winter,Trans-Siberian Orchestra,3dvhNq0P4rNaFqmj21jKF5
Won't Get Fooled Again,The Who,1W1GpfPujmgp2vQqcpUhtU
Wonderful Life,Black,0IWtEFQBwRHaMXZQtGEVcM
Wonderful World,Sam Cooke,5SKXlfKfhNUyJ3GkpI0ELJ
Working Man,Rush,1gkn90ExKRNAOlhDs4RoW0
Wouldn't It Be Nice,The Beach Boys,2Gy7qnDwt8Z3MNxqat4CsK
Wow,Beck,1rEkUEBFYEtqDLYaTuElsx
Wraith Pinned To The Mist And Other Games,Of Montreal,24HPkbkXJsIFC4eyg63zgQ
Y.M.C.A.,Village People,4YOJFyjqh8eAcbKFfv88mV
Yeah Yeah,Willy Moon,6iBkx4s2K6bnV1FnOnS2Ue
Yeah Yeah Yeah La La La,Calvin Harris,0o4fP70aLM3bLiAus2Ih8G
"Yeh, Yeh",Georgie Fame,1PYpdnXFzFO4VM5K8G4PCu
Yellow,Coldplay,3AJwUDP919kvQ9QcozQPxg
You Ain't Alone,Alabama Shakes,6ztmULOCCXDLtuixz29GYz
You Always Make Me Smile,Kyle Andrews,2kQ9mHVRCSNBjP9lNsAOLc
You Don't Own Me,Grace,6KI1ZpZWYAJLvmVhCJz65G
You Give A Little Love,Paul Williams,69XnaNHFaYiND63w3tUoga
You Know You Like It,AlunaGeorge,7K6J5sDjzyON20FjMCW92Z
You Make My Dreams (Come True),Daryl Hall & John Oates,4o6BgsqLIBViaGVbx5rbRk
You Really Got Me,Van Halen,0upLyFR8Rr52ZpMp5esQoq
You Sexy Thing,Hot Chocolate,714hERk9U1W8FMYkoC83CO
You'll Always Find Me In The Kitchen At Parties,Jona Lewie,4ZHPfdvTgCDGIeP8fAUVpG
You're Nobody Till Somebody Loves You,Dean Martin,2Q9gMRzQF3PTuJ3dCVVwmx
You're Somebody Else,Flora Cash,0pdKRp2sUthTPe7RLWpPqQ
"You're the First, the Last, My Everything",Barry White,3rqXP37YkEnizabzjM7uIu
Young At Heart,The Bluebells,5PwWIKBztoHDVAVcL3IH2X
Young Folks,Peter Bjorn and John,6M6UoxIPn4NOWW0x7JPRfv
Your Song,Elton John,38zsOOcu31XbbYj9BIPUF1
Your Touch,Blake Lewis,5ZYzaROQcMP8xRqS1IFbvg
Youth,Foxes,46F2qArLwz8WT1qJ2bNRfR
